Material,Code,Description,Size,Color,Pack,Qty,Price,Image,main_category,sub_category,sub_sub_category,sub_sub_sub_category,Tommur-Code,Lesso-Code
Copper,COPPER-K-90,ELBOW 90,"1""",,100,0,9.72,images/Copper90.png,Plumbing,Fittings,Copper Fittings,90 Elbow,Copper Type K Soft - ELBOW 90,
Copper,COPPER-K-90,ELBOW 90,"1/2""",,100,0,2.45,images/Copper90.png,Plumbing,Fittings,Copper Fittings,90 Elbow,Copper Type K Soft - ELBOW 90,
Copper,COPPER-K-90,ELBOW 90,"1-1/2""",,100,0,20.80,images/Copper90.png,Plumbing,Fittings,Copper Fittings,90 Elbow,Copper Type K Soft - ELBOW 90,
Copper,COPPER-K-90,ELBOW 90,"1-1/4""",,100,0,13.49,images/Copper90.png,Plumbing,Fittings,Copper Fittings,90 Elbow,Copper Type K Soft - ELBOW 90,
Copper,COPPER-K-90,ELBOW 90,"2""",,100,0,40.37,images/Copper90.png,Plumbing,Fittings,Copper Fittings,90 Elbow,Copper Type K Soft - ELBOW 90,
Copper,COPPER-K-90,ELBOW 90,"3""",,100,0,124.67,images/Copper90.png,Plumbing,Fittings,Copper Fittings,90 Elbow,Copper Type K Soft - ELBOW 90,
Copper,COPPER-K-90,ELBOW 90,"3/4""",,100,0,5.44,images/Copper90.png,Plumbing,Fittings,Copper Fittings,90 Elbow,Copper Type K Soft - ELBOW 90,
Copper,COPPER-K-90,ELBOW 90,"4""",,100,0,245.23,images/Copper90.png,Plumbing,Fittings,Copper Fittings,90 Elbow,Copper Type K Soft - ELBOW 90,
Copper,COPPER-K-PIPE,COPPER PIPE K,"1/2""",,1,0,34.20,images/CopperPipe.png,Plumbing,Pipes,Copper Pipes,Copper Pipe,Copper Type K Soft - Pipe - COPPER PIPE K,
Copper,COPPER-K-REDUCER,REDUCER,"1"" x 3/4""",,100,0,5.44,images/CopperReducer.png,Plumbing,Fittings,Copper Fittings,Reducer,Copper Type K Soft - REDUCER,
Copper,COPPER-K-REDUCER,REDUCER,"1-1/2"" x 1-1/4""",,100,0,12.96,images/CopperReducer.png,Plumbing,Fittings,Copper Fittings,Reducer,Copper Type K Soft - REDUCER,
Copper,COPPER-K-REDUCER,REDUCER,"1-1/4"" x 3/4""",,100,0,12.96,images/CopperReducer.png,Plumbing,Fittings,Copper Fittings,Reducer,Copper Type K Soft - REDUCER,
Copper,COPPER-K-REDUCER,REDUCER,"2"" x 1-1/2""",,100,0,23.47,images/CopperReducer.png,Plumbing,Fittings,Copper Fittings,Reducer,Copper Type K Soft - REDUCER,
Copper,COPPER-K-REDUCER,REDUCER,"2-1/2"" x 2""",,100,0,113.07,images/CopperReducer.png,Plumbing,Fittings,Copper Fittings,Reducer,Copper Type K Soft - REDUCER,
Copper,COPPER-K-REDUCER,REDUCER,"3"" x 2-1/2""",,100,0,66.46,images/CopperReducer.png,Plumbing,Fittings,Copper Fittings,Reducer,Copper Type K Soft - REDUCER,
Copper,COPPER-K-REDUCER,REDUCER,"3/4"" x 1/2""",,100,0,2.83,images/CopperReducer.png,Plumbing,Fittings,Copper Fittings,Reducer,Copper Type K Soft - REDUCER,
Copper,COPPER-K-REDUCER,REDUCER,"4"" x 3""",,100,0,327.31,images/CopperReducer.png,Plumbing,Fittings,Copper Fittings,Reducer,Copper Type K Soft - REDUCER,
Copper,COPPER-K-TEE,TEE,"1""",,100,0,17.06,images/CopperTee.png,Plumbing,Fittings,Copper Fittings,Tee,Copper Type K Soft - TEE,
Copper,COPPER-K-TEE,TEE,"1"" x 3/4""",,100,0,14.56,images/CopperTee.png,Plumbing,Fittings,Copper Fittings,Tee,Copper Type K Soft - TEE,
Copper,COPPER-K-TEE,TEE,"1/2""",,100,0,4.43,images/CopperTee.png,Plumbing,Fittings,Copper Fittings,Tee,Copper Type K Soft - TEE,
Copper,COPPER-K-TEE,TEE,"3/4""",,100,0,9.60,images/CopperTee.png,Plumbing,Fittings,Copper Fittings,Tee,Copper Type K Soft - TEE,
Copper,COPPER-K-TEE,TEE,"3/4"" x 1/2"" x 1/2""",,100,0,7.47,images/CopperTee.png,Plumbing,Fittings,Copper Fittings,Tee,Copper Type K Soft - TEE,
Copper,COPPER-K-TEE,TEE,"3/4"" x 3/4"" x 1/2""",,100,0,7.47,images/CopperTee.png,Plumbing,Fittings,Copper Fittings,Tee,Copper Type K Soft - TEE,
Copper,COPPER-L-90,ELBOW 90,"1/2""",,100,0,2.59,images/Copper90.png,Plumbing,Fittings,Copper Fittings,90 Elbow,Copper Type L Hard - ELBOW 90,
Copper,COPPER-L-90,ELBOW 90,"1-1/2""",,100,0,21.96,images/Copper90.png,Plumbing,Fittings,Copper Fittings,90 Elbow,Copper Type L Hard - ELBOW 90,
Copper,COPPER-L-90,ELBOW 90,"1-1/4""",,100,0,14.25,images/Copper90.png,Plumbing,Fittings,Copper Fittings,90 Elbow,Copper Type L Hard - ELBOW 90,
Copper,COPPER-L-90,ELBOW 90,"2""",,100,0,42.62,images/Copper90.png,Plumbing,Fittings,Copper Fittings,90 Elbow,Copper Type L Hard - ELBOW 90,
Copper,COPPER-L-90,ELBOW 90,"3/4""",,100,0,5.74,images/Copper90.png,Plumbing,Fittings,Copper Fittings,90 Elbow,Copper Type L Hard - ELBOW 90,
Copper,COPPER-L-90,ELBOW 90,"4""",,100,0,245.23,images/Copper90.png,Plumbing,Fittings,Copper Fittings,90 Elbow,Copper Type L Hard - ELBOW 90,
Copper,COPPER-L-CPLNG,COUPLING,"1-1/2""",,100,0,14.17,images/CopperCplng.png,Plumbing,Fittings,Copper Fittings,Coupling,Copper Type L Hard - COUPLING,
Copper,COPPER-L-CPLNG,COUPLING,"1-1/4""",,100,0,9.27,images/CopperCplng.png,Plumbing,Fittings,Copper Fittings,Coupling,Copper Type L Hard - COUPLING,
Copper,COPPER-L-CPLNG,COUPLING,"2""",,100,0,25.73,images/CopperCplng.png,Plumbing,Fittings,Copper Fittings,Coupling,Copper Type L Hard - COUPLING,
Copper,COPPER-L-CPLNG,COUPLING,"2-1/2""",,100,0,41.38,images/CopperCplng.png,Plumbing,Fittings,Copper Fittings,Coupling,Copper Type L Hard - COUPLING,
Copper,COPPER-L-CPLNG,COUPLING,"3""",,50,0,61.48,images/CopperCplng.png,Plumbing,Fittings,Copper Fittings,Coupling,Copper Type L Hard - COUPLING,
Copper,COPPER-L-CPLNG,COUPLING,"4""",,50,0,132.53,images/CopperCplng.png,Plumbing,Fittings,Copper Fittings,Coupling,Copper Type L Hard - COUPLING,
Copper,COPPER-L-PEXADPTR,Adapter (Copper to Pex),"1-1/2""",,1,0,50.67,images/CopperAdaptertoPEX.png,Plumbing,Fittings,Copper Fittings,Copper to PEX Adapter,Copper Type L Hard - Adapter (Copper to Pex),
Copper,COPPER-L-PEXADPTR,Adapter (Copper to Pex),"2""",,1,0,74.67,images/CopperAdaptertoPEX.png,Plumbing,Fittings,Copper Fittings,Copper to PEX Adapter,Copper Type L Hard - Adapter (Copper to Pex),
Copper,COPPER-L-PEXADPTR,Adapter (Copper to Pex),"2-1/2""",,1,0,152.00,images/CopperAdaptertoPEX.png,Plumbing,Fittings,Copper Fittings,Copper to PEX Adapter,Copper Type L Hard - Adapter (Copper to Pex),
Copper,COPPER-L-PEXADPTR,Adapter (Copper to Pex),"3/4""",,1,0,11.26,images/CopperAdaptertoPEX.png,Plumbing,Fittings,Copper Fittings,Copper to PEX Adapter,Copper Type L Hard - Adapter (Copper to Pex),
Copper,COPPER-L-PIPE,COPPER PIPE L,"1""",,1,0,63.42,images/CopperPipe.png,Plumbing,Pipes,Copper Pipes,Copper Pipe,Copper Type L Hard - COPPER PIPE L,
Copper,COPPER-L-PIPE,COPPER PIPE L,"1/2""",,1,0,27.70,images/CopperPipe.png,Plumbing,Pipes,Copper Pipes,Copper Pipe,Copper Type L Hard - COPPER PIPE L,
Copper,COPPER-L-PIPE,COPPER PIPE L,"1-1/2""",,1,0,104.69,images/CopperPipe.png,Plumbing,Pipes,Copper Pipes,Copper Pipe,Copper Type L Hard - COPPER PIPE L,
Copper,COPPER-L-PIPE,COPPER PIPE L,"1-1/4""",,1,0,81.32,images/CopperPipe.png,Plumbing,Pipes,Copper Pipes,Copper Pipe,Copper Type L Hard - COPPER PIPE L,
Copper,COPPER-L-PIPE,COPPER PIPE L,"2""",,1,0,160.92,images/CopperPipe.png,Plumbing,Pipes,Copper Pipes,Copper Pipe,Copper Type L Hard - COPPER PIPE L,
Copper,COPPER-L-PIPE,COPPER PIPE L,"2-1/2""",,1,0,227.34,images/CopperPipe.png,Plumbing,Pipes,Copper Pipes,Copper Pipe,Copper Type L Hard - COPPER PIPE L,
Copper,COPPER-L-PIPE,COPPER PIPE L,"3/4""",,1,0,43.97,images/CopperPipe.png,Plumbing,Pipes,Copper Pipes,Copper Pipe,Copper Type L Hard - COPPER PIPE L,
Copper,COPPER-L-REDTEE,RED TEE,"1"" x 3/4""",,100,0,15.35,images/CopperRedTee.png,Plumbing,Fittings,Copper Fittings,Reducing Tee,Copper Type L Hard - RED TEE,
Copper,COPPER-L-REDTEE,RED TEE,"1/2"" x 1/2"" x 3/4""",,100,0,8.44,images/CopperRedTee.png,Plumbing,Fittings,Copper Fittings,Reducing Tee,Copper Type L Hard - RED TEE,
Copper,COPPER-L-REDTEE,RED TEE,"1-1/2"" x 1-1/2"" x 1/2""",,100,0,27.59,images/CopperRedTee.png,Plumbing,Fittings,Copper Fittings,Reducing Tee,Copper Type L Hard - RED TEE,
Copper,COPPER-L-REDTEE,RED TEE,"1-1/2"" x 1-1/2"" x 1-1/4""",,100,0,38.49,images/CopperRedTee.png,Plumbing,Fittings,Copper Fittings,Reducing Tee,Copper Type L Hard - RED TEE,
Copper,COPPER-L-REDTEE,RED TEE,"1-1/2"" x 1-1/2"" x 3/4""",,100,0,29.67,images/CopperRedTee.png,Plumbing,Fittings,Copper Fittings,Reducing Tee,Copper Type L Hard - RED TEE,
Copper,COPPER-L-REDTEE,RED TEE,"1-1/4"" x 1-1/4"" x 3/4""",,100,0,20.38,images/CopperRedTee.png,Plumbing,Fittings,Copper Fittings,Reducing Tee,Copper Type L Hard - RED TEE,
Copper,COPPER-L-REDTEE,RED TEE,"2"" x 2"" x 1-1/2""",,100,0,66.99,images/CopperRedTee.png,Plumbing,Fittings,Copper Fittings,Reducing Tee,Copper Type L Hard - RED TEE,
Copper,COPPER-L-REDTEE,RED TEE,"2"" x 2"" x 1-1/4""",,100,0,70.56,images/CopperRedTee.png,Plumbing,Fittings,Copper Fittings,Reducing Tee,Copper Type L Hard - RED TEE,
Copper,COPPER-L-REDTEE,RED TEE,"2"" x 2"" x 3/4""",,100,0,49.54,images/CopperRedTee.png,Plumbing,Fittings,Copper Fittings,Reducing Tee,Copper Type L Hard - RED TEE,
Copper,COPPER-L-REDTEE,RED TEE,"2"" x 3/4""",,100,0,49.55,images/CopperRedTee.png,Plumbing,Fittings,Copper Fittings,Reducing Tee,Copper Type L Hard - RED TEE,
Copper,COPPER-L-REDTEE,RED TEE,"2"" x 3/4"" x 2""",,100,0,70.56,images/CopperRedTee.png,Plumbing,Fittings,Copper Fittings,Reducing Tee,Copper Type L Hard - RED TEE,
Copper,COPPER-L-REDTEE,RED TEE,"2-1/2"" x 1-1/2""",,100,0,102.28,images/CopperRedTee.png,Plumbing,Fittings,Copper Fittings,Reducing Tee,Copper Type L Hard - RED TEE,
Copper,COPPER-L-REDTEE,RED TEE,"2-1/2"" x 2""",,100,0,113.08,images/CopperRedTee.png,Plumbing,Fittings,Copper Fittings,Reducing Tee,Copper Type L Hard - RED TEE,
Copper,COPPER-L-REDTEE,RED TEE,"2-1/2"" x 2"" x 2-1/2""",,100,0,113.07,images/CopperRedTee.png,Plumbing,Fittings,Copper Fittings,Reducing Tee,Copper Type L Hard - RED TEE,
Copper,COPPER-L-REDTEE,RED TEE,"2-1/2"" x 2-1/2"" x 1-1/2""",,100,0,102.29,images/CopperRedTee.png,Plumbing,Fittings,Copper Fittings,Reducing Tee,Copper Type L Hard - RED TEE,
Copper,COPPER-L-REDTEE,RED TEE,"2-1/2"" x 2-1/2"" x 2""",,100,0,113.07,images/CopperRedTee.png,Plumbing,Fittings,Copper Fittings,Reducing Tee,Copper Type L Hard - RED TEE,
Copper,COPPER-L-REDTEE,RED TEE,"2-1/2"" x 2-1/2"" x 3/4""",,100,0,73.97,images/CopperRedTee.png,Plumbing,Fittings,Copper Fittings,Reducing Tee,Copper Type L Hard - RED TEE,
Copper,COPPER-L-REDTEE,RED TEE,"2-1/2"" x 3/4""",,100,0,73.98,images/CopperRedTee.png,Plumbing,Fittings,Copper Fittings,Reducing Tee,Copper Type L Hard - RED TEE,
Copper,COPPER-L-REDTEE,RED TEE,"3"" x 1-1/2""",,100,0,134.93,images/CopperRedTee.png,Plumbing,Fittings,Copper Fittings,Reducing Tee,Copper Type L Hard - RED TEE,
Copper,COPPER-L-REDTEE,RED TEE,"3"" x 2""",,100,0,179.64,images/CopperRedTee.png,Plumbing,Fittings,Copper Fittings,Reducing Tee,Copper Type L Hard - RED TEE,
Copper,COPPER-L-REDTEE,RED TEE,"3"" x 3"" x 1/2""",,100,0,107.57,images/CopperRedTee.png,Plumbing,Fittings,Copper Fittings,Reducing Tee,Copper Type L Hard - RED TEE,
Copper,COPPER-L-REDTEE,RED TEE,"3"" x 3"" x 2""",,100,0,126.51,images/CopperRedTee.png,Plumbing,Fittings,Copper Fittings,Reducing Tee,Copper Type L Hard - RED TEE,
Copper,COPPER-L-REDTEE,RED TEE,"3"" x 3"" x 3/4""",,100,0,152.75,images/CopperRedTee.png,Plumbing,Fittings,Copper Fittings,Reducing Tee,Copper Type L Hard - RED TEE,
Copper,COPPER-L-REDTEE,RED TEE,"3"" x 3/4""",,100,0,179.64,images/CopperRedTee.png,Plumbing,Fittings,Copper Fittings,Reducing Tee,Copper Type L Hard - RED TEE,
Copper,COPPER-L-REDTEE,RED TEE,"3/4"" x 1"" x 3/4""",,100,0,20.27,images/CopperRedTee.png,Plumbing,Fittings,Copper Fittings,Reducing Tee,Copper Type L Hard - RED TEE,
Copper,COPPER-L-REDTEE,RED TEE,"3/4"" x 1/2"" x 3/4""",,100,0,7.88,images/CopperRedTee.png,Plumbing,Fittings,Copper Fittings,Reducing Tee,Copper Type L Hard - RED TEE,
Copper,COPPER-L-REDTEE,RED TEE,"3/4"" x 3/4"" x 1/2""",,100,0,7.88,images/CopperRedTee.png,Plumbing,Fittings,Copper Fittings,Reducing Tee,Copper Type L Hard - RED TEE,
Copper,COPPER-L-REDTEE,RED TEE,"4"" x 1-1/2""",,100,0,383.80,images/CopperRedTee.png,Plumbing,Fittings,Copper Fittings,Reducing Tee,Copper Type L Hard - RED TEE,
Copper,COPPER-L-REDTEE,RED TEE,"4"" x 2""",,100,0,383.80,images/CopperRedTee.png,Plumbing,Fittings,Copper Fittings,Reducing Tee,Copper Type L Hard - RED TEE,
Copper,COPPER-L-REDTEE,RED TEE,"4"" x 3"" x 2-1/2""",,100,0,383.79,images/CopperRedTee.png,Plumbing,Fittings,Copper Fittings,Reducing Tee,Copper Type L Hard - RED TEE,
Copper,COPPER-L-REDTEE,RED TEE,"4"" x 4"" x 1-1/2""",,100,0,327.31,images/CopperRedTee.png,Plumbing,Fittings,Copper Fittings,Reducing Tee,Copper Type L Hard - RED TEE,
Copper,COPPER-L-REDTEE,RED TEE,"4"" x 4"" x 2""",,100,0,327.31,images/CopperRedTee.png,Plumbing,Fittings,Copper Fittings,Reducing Tee,Copper Type L Hard - RED TEE,
Copper,COPPER-L-REDTEE,RED TEE,"4"" x 4"" x 3""",,100,0,327.31,images/CopperRedTee.png,Plumbing,Fittings,Copper Fittings,Reducing Tee,Copper Type L Hard - RED TEE,
Copper,COPPER-L-REDTEE,RED TEE,"4"" x 4"" x 3/4""",,100,0,383.79,images/CopperRedTee.png,Plumbing,Fittings,Copper Fittings,Reducing Tee,Copper Type L Hard - RED TEE,
Copper,COPPER-L-REDUCER,REDUCER,"1"" x 3/4""",,100,0,5.74,images/CopperReducer.png,Plumbing,Fittings,Copper Fittings,Reducer,Copper Type L Hard - REDUCER,
Copper,COPPER-L-REDUCER,REDUCER,"1-1/2"" x 1-1/4""",,100,0,13.68,images/CopperReducer.png,Plumbing,Fittings,Copper Fittings,Reducer,Copper Type L Hard - REDUCER,
Copper,COPPER-L-REDUCER,REDUCER,"2"" x 1-1/2""",,100,0,24.78,images/CopperReducer.png,Plumbing,Fittings,Copper Fittings,Reducer,Copper Type L Hard - REDUCER,
Copper,COPPER-L-REDUCER,REDUCER,"2-1/2"" x 2""",,100,0,46.06,images/CopperReducer.png,Plumbing,Fittings,Copper Fittings,Reducer,Copper Type L Hard - REDUCER,
Copper,COPPER-L-REDUCER,REDUCER,"3"" x 2""",,100,0,67.20,images/CopperReducer.png,Plumbing,Fittings,Copper Fittings,Reducer,Copper Type L Hard - REDUCER,
Copper,COPPER-L-REDUCER,REDUCER,"3"" x 2-1/2""",,100,0,70.15,images/CopperReducer.png,Plumbing,Fittings,Copper Fittings,Reducer,Copper Type L Hard - REDUCER,
Copper,COPPER-L-REDUCER,REDUCER,"3/4"" x 1/2""",,100,0,3.00,images/CopperReducer.png,Plumbing,Fittings,Copper Fittings,Reducer,Copper Type L Hard - REDUCER,
Copper,COPPER-L-REDUCER,REDUCER,"4"" x 2""",,100,0,144.11,images/CopperReducer.png,Plumbing,Fittings,Copper Fittings,Reducer,Copper Type L Hard - REDUCER,
Copper,COPPER-L-REDUCER,REDUCER,"4"" x 3""",,100,0,151.85,images/CopperReducer.png,Plumbing,Fittings,Copper Fittings,Reducer,Copper Type L Hard - REDUCER,
Copper,COPPER-L-STUB,Copper Elbow Stub out,"1/2""",,1,0,19.00,images/CopperStub.png,Plumbing,Fittings,Copper Fittings,Stub Out,Copper Type L Hard - Copper Elbow Stub out,
Copper,COPPER-L-TEE,TEE,"1""",,100,0,18.01,images/CopperTee.png,Plumbing,Fittings,Copper Fittings,Tee,Copper Type L Hard - TEE,
Copper,COPPER-L-TEE,TEE,"1/2""",,100,0,4.67,images/CopperTee.png,Plumbing,Fittings,Copper Fittings,Tee,Copper Type L Hard - TEE,
Copper,COPPER-L-TEE,TEE,"1-1/2""",,100,0,40.93,images/CopperTee.png,Plumbing,Fittings,Copper Fittings,Tee,Copper Type L Hard - TEE,
Copper,COPPER-L-TEE,TEE,"2""",,100,0,70.56,images/CopperTee.png,Plumbing,Fittings,Copper Fittings,Tee,Copper Type L Hard - TEE,
Copper,COPPER-L-TEE,TEE,"3/4""",,100,0,10.15,images/CopperTee.png,Plumbing,Fittings,Copper Fittings,Tee,Copper Type L Hard - TEE,
Copper,COPPER-L-TEE,TEE,"4""",,100,0,383.80,images/CopperTee.png,Plumbing,Fittings,Copper Fittings,Tee,Copper Type L Hard - TEE,
CPVC,CPVC-PIPE-SCH80,ASTM CPVC SCH80 Pipe,"1""",,1,0,1.56,images/CPVC-SCH80.png,Plumbing,Pipes,CPVC Pipes,CPVC Pipes,A0202P,
CPVC,CPVC-PIPE-SCH80,ASTM CPVC SCH80 Pipe,"1/2""",,1,0,1.23,images/CPVC-SCH80.png,Plumbing,Pipes,CPVC Pipes,CPVC Pipes,A0202P,
CPVC,CPVC-PIPE-SCH80,ASTM CPVC SCH80 Pipe,"1-1/2""",,1,0,2.61,images/CPVC-SCH80.png,Plumbing,Pipes,CPVC Pipes,CPVC Pipes,A0202P,
CPVC,CPVC-PIPE-SCH80,ASTM CPVC SCH80 Pipe,"1-1/4""",,1,0,2.15,images/CPVC-SCH80.png,Plumbing,Pipes,CPVC Pipes,CPVC Pipes,A0202P,
CPVC,CPVC-PIPE-SCH80,ASTM CPVC SCH80 Pipe,"2""",,1,0,5.66,images/CPVC-SCH80.png,Plumbing,Pipes,CPVC Pipes,CPVC Pipes,A0202P,
CPVC,CPVC-PIPE-SCH80,ASTM CPVC SCH80 Pipe,"2-1/2""",,1,0,5.50,images/CPVC-SCH80.png,Plumbing,Pipes,CPVC Pipes,CPVC Pipes,A0202P,
CPVC,CPVC-PIPE-SCH80,ASTM CPVC SCH80 Pipe,"3""",,1,0,11.14,images/CPVC-SCH80.png,Plumbing,Pipes,CPVC Pipes,CPVC Pipes,A0202P,
CPVC,CPVC-PIPE-SCH80,ASTM CPVC SCH80 Pipe,"3/4""",,1,0,1.57,images/CPVC-SCH80.png,Plumbing,Pipes,CPVC Pipes,CPVC Pipes,A0202P,
CPVC,CPVC-PIPE-SCH80,ASTM CPVC SCH80 Pipe,"4""",,1,0,16.10,images/CPVC-SCH80.png,Plumbing,Pipes,CPVC Pipes,CPVC Pipes,A0202P,
CPVC,CPVC-PIPE-SDR11,CPVC ASTM 2846 PIPE SDR-11,"1"" x 2.6""",,1,0,3.96,images/SDRPipe.png,Plumbing,Pipes,CPVC Pipes,CPVC ASTM 2846 PIPE SDR-11,CPVC ASTM 2846 PIPE SDR-11,
CPVC,CPVC-PIPE-SDR11,CPVC ASTM 2846 PIPE SDR-11,"1/2"" x 1.73""",,1,0,1.42,images/SDRPipe.png,Plumbing,Pipes,CPVC Pipes,CPVC ASTM 2846 PIPE SDR-11,CPVC ASTM 2846 PIPE SDR-11,
CPVC,CPVC-PIPE-SDR11,CPVC ASTM 2846 PIPE SDR-11,"1-1/2"" x 3.76""",,1,0,8.26,images/SDRPipe.png,Plumbing,Pipes,CPVC Pipes,CPVC ASTM 2846 PIPE SDR-11,CPVC ASTM 2846 PIPE SDR-11,
CPVC,CPVC-PIPE-SDR11,CPVC ASTM 2846 PIPE SDR-11,"1-1/4"" x 3.18""",,1,0,5.93,images/SDRPipe.png,Plumbing,Pipes,CPVC Pipes,CPVC ASTM 2846 PIPE SDR-11,CPVC ASTM 2846 PIPE SDR-11,
CPVC,CPVC-PIPE-SDR11,CPVC ASTM 2846 PIPE SDR-11,"2"" x 4.9""",,1,0,14.11,images/SDRPipe.png,Plumbing,Pipes,CPVC Pipes,CPVC ASTM 2846 PIPE SDR-11,CPVC ASTM 2846 PIPE SDR-11,
CPVC,CPVC-PIPE-SDR11,CPVC ASTM 2846 PIPE SDR-11,"3/4"" x 2.03""",,1,0,2.37,images/SDRPipe.png,Plumbing,Pipes,CPVC Pipes,CPVC ASTM 2846 PIPE SDR-11,CPVC ASTM 2846 PIPE SDR-11,
CPVC,CPVC-PIPE-SDR13.5,CPVC ASTM 2846 PIPE SDR-13.5,"1"" x 2.03""",,1,0,3.16,images/SDRPipe.png,Plumbing,Pipes,CPVC Pipes,CPVC ASTM 2846 PIPE SDR-13.5,CPVC ASTM 2846 PIPE SDR-13.5,
CPVC,CPVC-PIPE-SDR13.5,CPVC ASTM 2846 PIPE SDR-13.5,"1/2"" x 1.51""",,1,0,1.27,images/SDRPipe.png,Plumbing,Pipes,CPVC Pipes,CPVC ASTM 2846 PIPE SDR-13.5,CPVC ASTM 2846 PIPE SDR-13.5,
CPVC,CPVC-PIPE-SDR13.5,CPVC ASTM 2846 PIPE SDR-13.5,"1-1/2"" x 3.06""",,1,0,6.85,images/SDRPipe.png,Plumbing,Pipes,CPVC Pipes,CPVC ASTM 2846 PIPE SDR-13.5,CPVC ASTM 2846 PIPE SDR-13.5,
CPVC,CPVC-PIPE-SDR13.5,CPVC ASTM 2846 PIPE SDR-13.5,"1-1/4"" x 2.59""",,1,0,4.87,images/SDRPipe.png,Plumbing,Pipes,CPVC Pipes,CPVC ASTM 2846 PIPE SDR-13.5,CPVC ASTM 2846 PIPE SDR-13.5,
CPVC,CPVC-PIPE-SDR13.5,CPVC ASTM 2846 PIPE SDR-13.5,"2"" x 4.0""",,1,0,11.72,images/SDRPipe.png,Plumbing,Pipes,CPVC Pipes,CPVC ASTM 2846 PIPE SDR-13.5,CPVC ASTM 2846 PIPE SDR-13.5,
CPVC,CPVC-PIPE-SDR13.5,CPVC ASTM 2846 PIPE SDR-13.5,"3/4"" x 1.73""",,1,0,2.07,images/SDRPipe.png,Plumbing,Pipes,CPVC Pipes,CPVC ASTM 2846 PIPE SDR-13.5,CPVC ASTM 2846 PIPE SDR-13.5,
PEX,PEX-B PIPE,PEX-B PIPE,"1""",,100,0,1.18,images/PEX-B.png,Plumbing,Pipes,PEX Pipes,PEX-B Pipe,4B100H,
PEX,PEX-B PIPE,PEX-B PIPE,"1/2""",,100,0,0.37,images/PEX-B.png,Plumbing,Pipes,PEX Pipes,PEX-B Pipe,4B100H,
PEX,PEX-B PIPE,PEX-B PIPE,"1-1/2""",,100,0,3.94,images/PEX-B.png,Plumbing,Pipes,PEX Pipes,PEX-B Pipe,4B100H,
PEX,PEX-B PIPE,PEX-B PIPE,"1-1/4""",,100,0,2.47,images/PEX-B.png,Plumbing,Pipes,PEX Pipes,PEX-B Pipe,4B100H,
PEX,PEX-B PIPE,PEX-B PIPE,"2""",,100,0,7.88,images/PEX-B.png,Plumbing,Pipes,PEX Pipes,PEX-B Pipe,4B100H,
PEX,PEX-B PIPE,PEX-B PIPE,"3/4""",,100,0,0.69,images/PEX-B.png,Plumbing,Pipes,PEX Pipes,PEX-B Pipe,4B100H,
PEX,PEX-ELBOW,ELBOW,"1/2""",,100,0,1.86,images/PEXElbow.png,Plumbing,Fittings,PEX Fittings,90 Elbow,PEXB,
PEX,PEX-ELBOW,ELBOW,"1-1/2""",,100,0,16.97,images/PEXElbow.png,Plumbing,Fittings,PEX Fittings,90 Elbow,PEXB,
PEX,PEX-ELBOW,ELBOW,"1-1/4""",,100,0,9.96,images/PEXElbow.png,Plumbing,Fittings,PEX Fittings,90 Elbow,PEXB,
PEX,PEX-ELBOW,ELBOW,"2""",,100,0,34.15,images/PEXElbow.png,Plumbing,Fittings,PEX Fittings,90 Elbow,PEXB,
PEX,PEX-ELBOW,ELBOW,"3/4""",,100,0,3.16,images/PEXElbow.png,Plumbing,Fittings,PEX Fittings,90 Elbow,PEXB,
PEX,PEX-REDUCER,REDUCER,"1"" x 1/2""",,100,0,3.13,images/PEXReducer.png,Plumbing,Fittings,PEX Fittings,Reducer,PEXB,
PEX,PEX-REDUCER,REDUCER,"1-1/2"" x 3/4""",,100,0,6.94,images/PEXReducer.png,Plumbing,Fittings,PEX Fittings,Reducer,PEXB,
PEX,PEX-REDUCER,REDUCER,"2"" x 3/4""",,100,0,11.81,images/PEXReducer.png,Plumbing,Fittings,PEX Fittings,Reducer,PEXB,
PEX,PEX-REDUCER,REDUCER,"3/4"" x 1/2""",,100,0,2.00,images/PEXReducer.png,Plumbing,Fittings,PEX Fittings,Reducer,PEXB,
PVC,PVC-1/16HH,1/16 BEND (H x H),"1-1/2""",,200,200,1.36,images/225Elbow.png,Plumbing,Fittings,PVC Fittings,22.5 Elbow,D057,LP324-015
PVC,PVC-1/16HH,1/16 BEND (H x H),"2""",,100,400,0.91,images/225Elbow.png,Plumbing,Fittings,PVC Fittings,22.5 Elbow,D057,LP324-020
PVC,PVC-1/16HH,1/16 BEND (H x H),"3""",,25,100,2.65,images/225Elbow.png,Plumbing,Fittings,PVC Fittings,22.5 Elbow,D057,LP324-030
PVC,PVC-1/16HS,"1/16 BEND, STREET (H x S)","1-1/2""",,200,200,2.05,images/225Elbow.png,Plumbing,Fittings,PVC Fittings,22.5 Elbow Street,D059,LP326-015
PVC,PVC-1/16HS,"1/16 BEND, STREET (H x S)","2""",,100,200,2.26,images/225Elbow.png,Plumbing,Fittings,PVC Fittings,22.5 Elbow Street,D059,LP326-020
PVC,PVC-1/16HS,"1/16 BEND, STREET (H x S)","3""",,25,100,7.46,images/225Elbow.png,Plumbing,Fittings,PVC Fittings,22.5 Elbow Street,D059,LP326-030
PVC,PVC-1/4HH,1/4 BEND (H x H),"1-1/2""",,100,0,0.53,images/90Elbow.png,Plumbing,Fittings,PVC Fittings,90 Elbow,D035,LP300-015
PVC,PVC-1/4HH,1/4 BEND (H x H),"2""",,50,0,0.86,images/90Elbow.png,Plumbing,Fittings,PVC Fittings,90 Elbow,D035,LP300-020
PVC,PVC-1/4HH,1/4 BEND (H x H),"3""",,25,0,2.65,images/90Elbow.png,Plumbing,Fittings,PVC Fittings,90 Elbow,D035,LP300-030
PVC,PVC-1/4HH,1/4 BEND (H x H),"4""",,10,0,4.99,images/90Elbow.png,Plumbing,Fittings,PVC Fittings,90 Elbow,D035,LP300-040
PVC,PVC-1/4HH,1/4 BEND (H × H),"6""",,4,0,22.84,images/90Elbow.png,Plumbing,Fittings,PVC Fittings,90 Elbow,D035,
PVC,PVC-1/4HHLNG,LONG SWEEP 1/4 BEND (H x H),"2""",,60,1200,1.34,images/90ElbowLong.png,Plumbing,Fittings,PVC Fittings,90 Elbow Long Sweep,D043,LP304-020
PVC,PVC-1/4HHLNG,LONG SWEEP 1/4 BEND (H x H),"3""",,10,600,3.17,images/90ElbowLong.png,Plumbing,Fittings,PVC Fittings,90 Elbow Long Sweep,D043,LP304-030
PVC,PVC-1/4HHLNG,LONG SWEEP 1/4 BEND (H x H),"4""",,5,20,6.47,images/90ElbowLong.png,Plumbing,Fittings,PVC Fittings,90 Elbow Long Sweep,D043,LP304-040
PVC,PVC-1/4HS,"1/4 BEND, STREET (H x S)","1-1/2""",,180,180,0.70,images/90Elbow.png,Plumbing,Fittings,PVC Fittings,90 Elbow Street,D040,LP302-015
PVC,PVC-1/4HS,"1/4 BEND, STREET (H x S)","2""",,50,200,0.99,images/90Elbow.png,Plumbing,Fittings,PVC Fittings,90 Elbow Street,D040,LP302-020
PVC,PVC-1/4HS,"1/4 BEND, STREET (H x S)","3""",,20,100,2.95,images/90Elbow.png,Plumbing,Fittings,PVC Fittings,90 Elbow Street,D040,LP302-030
PVC,PVC-1/4HS,"1/4 BEND, STREET (H x S)","4""",,10,20,4.86,images/90Elbow.png,Plumbing,Fittings,PVC Fittings,90 Elbow Street,D040,LP302-040
PVC,PVC-1/4LOWHEEL,1/4 BEND W/ LOW HEEL INLET (H x H x H),"3"" x 3"" x 2""",,25,300,4.11,images/90Elbow.png,Plumbing,Fittings,PVC Fittings,90 Elbow w/ Low Heel Inlet,D050,LP303-338
PVC,PVC-1/8HH,1/8 BEND (H x H),"1-1/2""",,100,1000,0.52,images/45Elbow.png,Plumbing,Fittings,PVC Fittings,45 Elbow,D053,LP321-015
PVC,PVC-1/8HH,1/8 BEND (H x H),"2""",,50,0,0.79,images/45Elbow.png,Plumbing,Fittings,PVC Fittings,45 Elbow,D053,LP321-020
PVC,PVC-1/8HH,1/8 BEND (H x H),"3""",,25,0,2.16,images/45Elbow.png,Plumbing,Fittings,PVC Fittings,45 Elbow,D053,LP321-030
PVC,PVC-1/8HH,1/8 BEND (H x H),"4""",,15,105,4.11,images/45Elbow.png,Plumbing,Fittings,PVC Fittings,45 Elbow,D053,LP321-040
PVC,PVC-1/8HH,1/8 BEND (H × H),"6""",,5,0,14.04,images/45Elbow.png,Plumbing,Fittings,PVC Fittings,45 Elbow,D053,
PVC,PVC-1/8HH,1/8 BEND (H × H),"8""",,4,0,26.94,images/45Elbow.png,Plumbing,Fittings,PVC Fittings,45 Elbow,D053,
PVC,PVC-1/8HS,1/8 BEND STREET (H x S),"1-1/2""",,100,800,0.49,images/45Elbow.png,Plumbing,Fittings,PVC Fittings,45 Elbow Street,D055,LP323-015
PVC,PVC-1/8HS,1/8 BEND STREET (H x S),"2""",,50,0,0.82,images/45Elbow.png,Plumbing,Fittings,PVC Fittings,45 Elbow Street,D055,LP323-020
PVC,PVC-1/8HS,1/8 BEND STREET (H x S),"3""",,25,0,2.22,images/45Elbow.png,Plumbing,Fittings,PVC Fittings,45 Elbow Street,D055,LP323-030
PVC,PVC-1/8HS,1/8 BEND STREET (H x S),"4""",,9,126,3.87,images/45Elbow.png,Plumbing,Fittings,PVC Fittings,45 Elbow Street,D055,LP323-040
PVC,PVC-45ELLSOC,45° ELL (SOC × SOC),"10""",,4,0,68.59,images/45Elbow.png,Plumbing,Fittings,PVC Fittings,45 Elbow Elongated,A 023,
PVC,PVC-BUSHINGHS,FLUSH BUSHING (H x S),"2"" x 1-1/2""",,200,200,0.85,images/Bushing.png,Plumbing,Fittings,PVC Fittings,Bushing,D019,LP107-251
PVC,PVC-BUSHINGHS,FLUSH BUSHING (H x S),"3"" x 2""",,120,240,1.15,images/Bushing.png,Plumbing,Fittings,PVC Fittings,Bushing,D019,LP107-338
PVC,PVC-BUSHINGHS,FLUSH BUSHING (H x S),"4"" x 3""",,30,90,2.01,images/Bushing.png,Plumbing,Fittings,PVC Fittings,Bushing,D019,LP107-422
PVC,PVC-CAPSOC,CAP (SOC),"1-1/2""",,240,240,0.65,images/CapSOC.png,Plumbing,Fittings,PVC Fittings,Cap (SOC),D025,LP116-015
PVC,PVC-CAPSOC,CAP (SOC),"2""",,180,360,1.48,images/CapSOC.png,Plumbing,Fittings,PVC Fittings,Cap (SOC),D025,LP116-020
PVC,PVC-CAPSOC,CAP (SOC),"3""",,60,60,5.42,images/CapSOC.png,Plumbing,Fittings,PVC Fittings,Cap (SOC),D025,LP116-030
PVC,PVC-CAPSOC,CAP (SOC),"4""",,20,20,10.50,images/CapSOC.png,Plumbing,Fittings,PVC Fittings,Cap (SOC),D025,LP116-040
PVC,PVC-CLEANTEE,CLEANOUT TEE W/ C.O. PLUG (H x H),"2""",,60,600,2.87,images/CleanoutTeewPlug.png,Plumbing,Fittings,PVC Fittings,Cleanout Tee,D078,LP444X-020
PVC,PVC-CLEANTEE,CLEANOUT TEE W/ C.O. PLUG (H x H),"3""",,20,120,5.25,images/CleanoutTeewPlug.png,Plumbing,Fittings,PVC Fittings,Cleanout Tee,D078,LP444X-030
PVC,PVC-CLEANTEE,CLEANOUT TEE W/ C.O. PLUG (H x H),"4""",,10,20,9.05,images/CleanoutTeewPlug.png,Plumbing,Fittings,PVC Fittings,Cleanout Tee,D078,LP444X-040
PVC,PVC-CLSTFLNGH,CLOSET FLANGE W/TEST PLATE (H),"4"" x 3""",,20,0,2.59,images/Flange.png,Plumbing,Fittings,PVC Fittings,Closet Flange,D121,LP800T-422
PVC,PVC-CPLNG,COUPLING (H x H),"1-1/2""",,400,400,0.25,images/Coupling.png,Plumbing,Fittings,PVC Fittings,Coupling,D004,LP100-015
PVC,PVC-CPLNG,COUPLING (H x H),"2""",,100,1000,0.34,images/Coupling.png,Plumbing,Fittings,PVC Fittings,Coupling,D004,LP100-020
PVC,PVC-CPLNG,COUPLING (H x H),"3""",,60,600,1.15,images/Coupling.png,Plumbing,Fittings,PVC Fittings,Coupling,D004,LP100-030
PVC,PVC-CPLNG,COUPLING (H x H),"4""",,25,200,2.13,images/Coupling.png,Plumbing,Fittings,PVC Fittings,Coupling,D004,LP100-040
PVC,PVC-INCREDHH,PIPE INCREASER-REDUCER (H × H),"10"" x 6""",,8,0,35.82,images/IncreaserReducer.png,Plumbing,Fittings,PVC Fittings,Reducer,D007,
PVC,PVC-INCREDHH,PIPE INCREASER-REDUCER (H × H),"10"" x 8""",,8,0,35.82,images/IncreaserReducer.png,Plumbing,Fittings,PVC Fittings,Reducer,D007,
PVC,PVC-INCREDHH,PIPE INCREASER-REDUCER (H x H),"2"" x 1-1/2""",,100,400,1.60,images/IncreaserReducer.png,Plumbing,Fittings,PVC Fittings,Reducer,D007,LP102-251
PVC,PVC-INCREDHH,PIPE INCREASER-REDUCER (H x H),"3"" x 2""",,80,240,1.84,images/IncreaserReducer.png,Plumbing,Fittings,PVC Fittings,Reducer,D007,LP102-338
PVC,PVC-INCREDHH,PIPE INCREASER-REDUCER (H × H),"4"" x 2""",,16,0,3.01,images/IncreaserReducer.png,Plumbing,Fittings,PVC Fittings,Reducer,D007,
PVC,PVC-INCREDHH,PIPE INCREASER-REDUCER (H x H),"4"" x 3""",,20,160,3.85,images/IncreaserReducer.png,Plumbing,Fittings,PVC Fittings,Reducer,D007,LP102-422
PVC,PVC-INCREDHH,PIPE INCREASER-REDUCER (H × H),"6"" x 3""",,15,0,12.08,images/IncreaserReducer.png,Plumbing,Fittings,PVC Fittings,Reducer,D007,
PVC,PVC-INCREDHH,PIPE INCREASER-REDUCER (H × H),"6"" x 4""",,6,0,7.78,images/IncreaserReducer.png,Plumbing,Fittings,PVC Fittings,Reducer,D007,
PVC,PVC-INCREDHH,PIPE INCREASER-REDUCER (H × H),"8"" x 6""",,12,0,16.46,images/IncreaserReducer.png,Plumbing,Fittings,PVC Fittings,Reducer,D007,
PVC,PVC-MADPTR,MALE ADAPTER (MPT x H),"1-1/2""",,300,600,0.55,images/MaleAdapter.png,Plumbing,Fittings,PVC Fittings,Male Adapter,D021,LP109-015
PVC,PVC-MADPTR,MALE ADAPTER (MPT x H),"2""",,200,200,0.65,images/MaleAdapter.png,Plumbing,Fittings,PVC Fittings,Male Adapter,D021,LP109-020
PVC,PVC-PIPE-FOAM,ASTM  F891 PVC Foam Core DWV Pipe,"1-1/2""",,1,3080,9.25,images/Sch40Foam.png,Plumbing,Pipes,PVC Pipes,PVC Pipe,A100P01-,PIPE-FOAM
PVC,PVC-PIPE-FOAM,ASTM  F891 PVC Foam Core DWV Pipe,"2""",,1,3080,11.00,images/Sch40Foam.png,Plumbing,Pipes,PVC Pipes,PVC Pipe,A100P01-,PIPE-FOAM
PVC,PVC-PIPE-FOAM,ASTM  F891 PVC Foam Core DWV Pipe,"3""",,1,3080,19.00,images/Sch40Foam.png,Plumbing,Pipes,PVC Pipes,PVC Pipe,A100P01-,PIPE-FOAM
PVC,PVC-PIPE-FOAM,ASTM  F891 PVC Foam Core DWV Pipe,"4""",,1,1480,27.60,images/Sch40Foam.png,Plumbing,Pipes,PVC Pipes,PVC Pipe,A100P01-,PIPE-FOAM
INSULATION,PVC-PIPE-INSLTN,PIPE INSULATION COLD WATER SUPPLY,"1""",,1,0,7.79,images/Insulation.png,Plumbing,Insulation,Insulation,Insulation,PIPE INSULATION COLD WATER SUPPLY,
INSULATION,PVC-PIPE-INSLTN,PIPE INSULATION COLD WATER SUPPLY,"1/2""",,1,0,3.82,images/Insulation.png,Plumbing,Insulation,Insulation,Insulation,PIPE INSULATION COLD WATER SUPPLY,
INSULATION,PVC-PIPE-INSLTN,PIPE INSULATION COLD WATER SUPPLY,"1-1/2""",,1,0,12.87,images/Insulation.png,Plumbing,Insulation,Insulation,Insulation,PIPE INSULATION COLD WATER SUPPLY,
INSULATION,PVC-PIPE-INSLTN,PIPE INSULATION COLD WATER SUPPLY,"1-1/4""",,1,0,10.67,images/Insulation.png,Plumbing,Insulation,Insulation,Insulation,PIPE INSULATION COLD WATER SUPPLY,
INSULATION,PVC-PIPE-INSLTN,PIPE INSULATION COLD WATER SUPPLY,"2""",,1,0,17.62,images/Insulation.png,Plumbing,Insulation,Insulation,Insulation,PIPE INSULATION COLD WATER SUPPLY,
INSULATION,PVC-PIPE-INSLTN,PIPE INSULATION COLD WATER SUPPLY,"2-1/2""",,1,0,27.43,images/Insulation.png,Plumbing,Insulation,Insulation,Insulation,PIPE INSULATION COLD WATER SUPPLY,
INSULATION,PVC-PIPE-INSLTN,PIPE INSULATION COLD WATER SUPPLY,"3""",,1,0,36.03,images/Insulation.png,Plumbing,Insulation,Insulation,Insulation,PIPE INSULATION COLD WATER SUPPLY,
INSULATION,PVC-PIPE-INSLTN,PIPE INSULATION COLD WATER SUPPLY,"3/4""",,1,0,5.16,images/Insulation.png,Plumbing,Insulation,Insulation,Insulation,PIPE INSULATION COLD WATER SUPPLY,
INSULATION,PVC-PIPE-INSLTN,PIPE INSULATION COLD WATER SUPPLY,"4""",,1,0,52.87,images/Insulation.png,Plumbing,Insulation,Insulation,Insulation,PIPE INSULATION COLD WATER SUPPLY,
PVC,PVC-PIPE-SOLID,ASTM D1785 SCH40 PVC,"1""",,1,0,0.64,images/Sch40Solid.png,Plumbing,Pipes,PVC Pipes,PVC Pipe,A01P01-SCH40-01,PIPE-SOLID
PVC,PVC-PIPE-SOLID,ASTM D1785 SCH40 PVC,"1/2""",,1,0,0.32,images/Sch40Solid.png,Plumbing,Pipes,PVC Pipes,PVC Pipe,A01P01-SCH40-01,PIPE-SOLID
PVC,PVC-PIPE-SOLID,ASTM D1785 SCH40 PVC,"10""",,1,0,16.12,images/Sch40Solid.png,Plumbing,Pipes,PVC Pipes,PVC Pipe,A01P01-SCH40-01,PIPE-SOLID
PVC,PVC-PIPE-SOLID,ASTM D1785 SCH40 PVC,"1-1/2""",,1,0,1.03,images/Sch40Solid.png,Plumbing,Pipes,PVC Pipes,PVC Pipe,A01P01-SCH40-01,PIPE-SOLID
PVC,PVC-PIPE-SOLID,ASTM D1785 SCH40 PVC,"1-1/4""",,1,0,0.86,images/Sch40Solid.png,Plumbing,Pipes,PVC Pipes,PVC Pipe,A01P01-SCH40-01,PIPE-SOLID
PVC,PVC-PIPE-SOLID,ASTM D 1785 SCH40 PVC,"2""",,1,1132,14.75,images/Sch40Solid.png,Plumbing,Pipes,PVC Pipes,PVC Pipe,A01P01-SCH40-01,PIPE-SOLID
PVC,PVC-PIPE-SOLID,ASTM D1785 SCH40 PVC,"2-1/2""",,1,0,2.20,images/Sch40Solid.png,Plumbing,Pipes,PVC Pipes,PVC Pipe,A01P01-SCH40-01,PIPE-SOLID
PVC,PVC-PIPE-SOLID,ASTM D 1785 SCH40 PVC,"3""",,1,1132,27.50,images/Sch40Solid.png,Plumbing,Pipes,PVC Pipes,PVC Pipe,A01P01-SCH40-01,PIPE-SOLID
PVC,PVC-PIPE-SOLID,ASTM D1785 SCH40 PVC,"3/4""",,1,0,0.43,images/Sch40Solid.png,Plumbing,Pipes,PVC Pipes,PVC Pipe,A01P01-SCH40-01,PIPE-SOLID
PVC,PVC-PIPE-SOLID,ASTM D 1785 SCH40 PVC,"4""",,1,433,50.00,images/Sch40Solid.png,Plumbing,Pipes,PVC Pipes,PVC Pipe,A01P01-SCH40-01,PIPE-SOLID
PVC,PVC-PIPE-SOLID,ASTM D1785 SCH40 PVC,"6""",,1,0,8.69,images/Sch40Solid.png,Plumbing,Pipes,PVC Pipes,PVC Pipe,A01P01-SCH40-01,PIPE-SOLID
PVC,PVC-PIPE-SOLID,ASTM D1785 SCH40 PVC,"8""",,1,0,11.37,images/Sch40Solid.png,Plumbing,Pipes,PVC Pipes,PVC Pipe,A01P01-SCH40-01,PIPE-SOLID
PVC,PVC-PTRAP,P-TRAP (H x H),"1-1/2""",,25,0,3.89,images/Ptrap.png,Plumbing,Fittings,PVC Fittings,P-Trap,D103,LP706X-015
PVC,PVC-PTRAP,P-TRAP (H x H),"2""",,15,30,2.35,images/Ptrap.png,Plumbing,Fittings,PVC Fittings,P-Trap,D103,LP706X-020
PVC,PVC-PTRAP,P-TRAP (H x H),"3""",,10,20,15.05,images/Ptrap.png,Plumbing,Fittings,PVC Fittings,P-Trap,D103,LP706X-030
PVC,PVC-PTRAP,P-TRAP (H x H),"4""",,4,4,26.75,images/Ptrap.png,Plumbing,Fittings,PVC Fittings,P-Trap,D103,LP706X-040
PVC,PVC-PTRAPLOW,"P-TRAP, LOW PROFILE(HxH)","1-1/2""",,25,300,1.22,images/Ptrap.png,Plumbing,Fittings,PVC Fittings,P-Trap,A 062,LP710-015
PVC,PVC-PTRAPLOW,"P-TRAP, LOW PROFILE(HxH)","2""",,15,360,5.25,images/Ptrap.png,Plumbing,Fittings,PVC Fittings,P-Trap,A 062,LP710-020
PVC,PVC-PTRAPLOW,"P-TRAP, LOW PROFILE(HxH)","3""",,10,200,16.25,images/Ptrap.png,Plumbing,Fittings,PVC Fittings,P-Trap,A 062,LP710-030
PVC,PVC-PTRAPLOW,"P-TRAP, LOW PROFILE(HxH)","4""",,4,40,38.00,images/Ptrap.png,Plumbing,Fittings,PVC Fittings,P-Trap,A 062,LP710-040
PVC,PVC-SANTEE,SANITARY TEE (ALL HUB),"1-1/2""",,60,180,0.91,images/SanTee.png,Plumbing,Fittings,PVC Fittings,Sanitary Tee,D065,LP400-015
PVC,PVC-SANTEE,SANITARY TEE (ALL HUB),"2""",,35,280,1.32,images/SanTee.png,Plumbing,Fittings,PVC Fittings,Sanitary Tee,D065,LP400-020
PVC,PVC-SANTEE,SANITARY TEE (ALL HUB),"3""",,15,0,6.99,images/SanTee.png,Plumbing,Fittings,PVC Fittings,Sanitary Tee,D065,LP400-030
PVC,PVC-SANTEE,SANITARY TEE (ALL HUB),"4""",,5,0,14.75,images/SanTee.png,Plumbing,Fittings,PVC Fittings,Sanitary Tee,D065,LP400-040
PVC,PVC-SANTEEDBL,"DOUBLE SANITARY TEE, REDUCING (ALL HUB)","2"" x 2"" x 1-1/2"" x 1-1/2""",,25,100,4.25,images/DoubleSanTee.png,Plumbing,Fittings,PVC Fittings,Double Sanitary Tee,D073,LP429-251
PVC,PVC-SANTEERED,REDUCING SANITARY TEE (ALL HUB),"2"" x 1-1/2""",,60,0,1.68,images/RedSanTee.png,Plumbing,Fittings,PVC Fittings,Sanitary Tee,D066,
PVC,PVC-SANTEERED,REDUCING SANITARY TEE (ALL HUB),"2"" x 1-1/2"" x 1-1/2""",,60,600,1.15,images/RedSanTee.png,Plumbing,Fittings,PVC Fittings,Sanitary Tee,D066,LP401-241
PVC,PVC-SANTEERED,REDUCING SANITARY TEE (ALL HUB),"2"" x 1-1/2"" x 2""",,60,600,1.53,images/RedSanTee.png,Plumbing,Fittings,PVC Fittings,Sanitary Tee,D066,LP401-251
PVC,PVC-SANTEERED,REDUCING SANITARY TEE (ALL HUB),"2"" x 2"" x 1-1/2""",,50,600,1.16,images/RedSanTee.png,Plumbing,Fittings,PVC Fittings,Sanitary Tee,D066,LP401-257
PVC,PVC-SANTEERED,REDUCING SANITARY TEE (ALL HUB),"3"" x 2""",,15,0,4.20,images/RedSanTee.png,Plumbing,Fittings,PVC Fittings,Sanitary Tee,D066,
PVC,PVC-SANTEERED,REDUCING SANITARY TEE (ALL HUB),"3"" x 3"" x 2""",,15,0,5.75,images/RedSanTee.png,Plumbing,Fittings,PVC Fittings,Sanitary Tee,D066,LP401-338
PVC,PVC-SANTEERED,REDUCING SANITARY TEE (ALL HUB),"4"" x 4"" x 2""",,10,0,5.59,images/RedSanTee.png,Plumbing,Fittings,PVC Fittings,Sanitary Tee,D066,
PVC,PVC-SANTEERED,REDUCING SANITARY TEE (ALL HUB),"4"" x 4"" x 3""",,10,20,9.65,images/RedSanTee.png,Plumbing,Fittings,PVC Fittings,Sanitary Tee,D066,LP401-422
PVC,PVC-WYEDBL,REDUCING DOUBLE WYE (ALL HUB),"3"" x 3"" x 2"" x 2""",,15,150,6.55,images/RedDoubleWye.png,Plumbing,Fittings,PVC Fittings,Double Wye,D097,LP612-338
PVC,PVC-WYEHUB,WYE (ALL HUB),"1-1/2""",,50,0,1.72,images/Wye.png,Plumbing,Fittings,PVC Fittings,Wye,D090,LP600-015
PVC,PVC-WYEHUB,WYE (ALL HUB),"2""",,25,0,3.60,images/Wye.png,Plumbing,Fittings,PVC Fittings,Wye,D090,LP600-020
PVC,PVC-WYEHUB,WYE (ALL HUB),"3""",,15,0,7.19,images/Wye.png,Plumbing,Fittings,PVC Fittings,Wye,D090,
PVC,PVC-WYEHUB,WYE (ALL HUB),"4""",,8,0,13.10,images/Wye.png,Plumbing,Fittings,PVC Fittings,Wye,D090,
PVC,PVC-WYEHUB,WYE (ALL HUB),"6""",,2,0,30.26,images/Wye.png,Plumbing,Fittings,PVC Fittings,Wye,D090,
PVC,PVC-WYERED,REDUCING WYE (ALL HUB),"3"" x 3"" x 2""",,12,480,7.05,images/RedWye.png,Plumbing,Fittings,PVC Fittings,Wye,D092,LP601-338
PVC,PVC-WYERED,REDUCING WYE (ALL HUB),"4"" x 4"" x 2""",,10,40,5.30,images/RedWye.png,Plumbing,Fittings,PVC Fittings,Wye,D092,LP601-420
PVC,PVC-WYERED,REDUCING WYE (ALL HUB),"4"" x 4"" x 3""",,10,40,6.71,images/RedWye.png,Plumbing,Fittings,PVC Fittings,Wye,D092,LP601-422
PVC,PVC-WYERED,REDUCING WYE (ALL HUB),"6"" x 6"" x 2""",,5,0,18.22,images/RedWye.png,Plumbing,Fittings,PVC Fittings,Wye,D092,
PVC,PVC-WYERED,REDUCING WYE (ALL HUB),"6"" x 6"" x 3""",,3,0,19.24,images/RedWye.png,Plumbing,Fittings,PVC Fittings,Wye,D092,
PVC,PVC-WYERED,REDUCING WYE (ALL HUB),"6"" x 6"" x 4""",,4,0,21.39,images/RedWye.png,Plumbing,Fittings,PVC Fittings,Wye,D092,
PVC,PVC-WYERED,REDUCING WYE (ALL HUB),"8"" x 8"" x 4""",,4,0,35.97,images/RedWye.png,Plumbing,Fittings,PVC Fittings,Wye,D092,
PVC,PVC-WYERED,REDUCING WYE (ALL HUB),"8"" x 8"" x 6""",,2,0,46.77,images/RedWye.png,Plumbing,Fittings,PVC Fittings,Wye,D092,
Vinyl Tiles,ACH-NEXUS-TILE,NEXUS 12x12 1.2mm Self-Adhesive Vinyl Floor Tile (20 tiles / 20 sq ft),12x12,#103 Black & White,20,0,8.13,images/achim/07c077_175f5d99bfd14a56bdc82ed4d2579834.jpg,Flooring,Tiles,Vinyl Tiles,Nexus 12x12 Vinyl,,
Vinyl Tiles,ACH-NEXUS-TILE,NEXUS 12x12 1.2mm Self-Adhesive Vinyl Floor Tile (20 tiles / 20 sq ft),12x12,#201 Classic Parquet Oak,20,0,8.13,images/achim/a5fda5_0468d24c3f3e485b84adaea8e1f6de05.jpg,Flooring,Tiles,Vinyl Tiles,Nexus 12x12 Vinyl,,
Vinyl Tiles,ACH-NEXUS-TILE,NEXUS 12x12 1.2mm Self-Adhesive Vinyl Floor Tile (20 tiles / 20 sq ft),12x12,#202 Classic Light Oak Diamond Parquet,20,0,8.13,images/achim/a5fda5_274d3a58070b4275b121be1aaf3c6991.jpg,Flooring,Tiles,Vinyl Tiles,Nexus 12x12 Vinyl,,
Vinyl Tiles,ACH-NEXUS-TILE,NEXUS 12x12 1.2mm Self-Adhesive Vinyl Floor Tile (20 tiles / 20 sq ft),12x12,#101,20,0,8.13,images/achim/07c077_4f5e8654d227409b98a5fe2898e693d3.jpg,Flooring,Tiles,Vinyl Tiles,Nexus 12x12 Vinyl,,
Vinyl Tiles,ACH-NEXUS-TILE,NEXUS 12x12 1.2mm Self-Adhesive Vinyl Floor Tile (20 tiles / 20 sq ft),12x12,#102,20,0,8.13,images/achim/a5fda5_9ad2bbf53afb4fa291915dc6efdff603.jpg,Flooring,Tiles,Vinyl Tiles,Nexus 12x12 Vinyl,,
Vinyl Tiles,ACH-NEXUS-TILE,NEXUS 12x12 1.2mm Self-Adhesive Vinyl Floor Tile (20 tiles / 20 sq ft),12x12,#204 Four Finger Square Parquet,20,0,8.13,images/achim/a5fda5_8ca258a6c3ad485b9ffe044f9918127b.jpg,Flooring,Tiles,Vinyl Tiles,Nexus 12x12 Vinyl,,
Vinyl Tiles,ACH-NEXUS-TILE,NEXUS 12x12 1.2mm Self-Adhesive Vinyl Floor Tile (20 tiles / 20 sq ft),12x12,#214 Light Oak Plank Look,20,0,8.13,images/achim/a5fda5_67dede5b972b4aa3b2423cf155471258.jpg,Flooring,Tiles,Vinyl Tiles,Nexus 12x12 Vinyl,,
Vinyl Tiles,ACH-NEXUS-TILE,NEXUS 12x12 1.2mm Self-Adhesive Vinyl Floor Tile (20 tiles / 20 sq ft),12x12,#223 Medium Oak Plank Look,20,0,8.13,images/achim/a5fda5_68e717c214e94bb5891c07961ea5af08.jpg,Flooring,Tiles,Vinyl Tiles,Nexus 12x12 Vinyl,,
Vinyl Tiles,ACH-NEXUS-TILE,NEXUS 12x12 1.2mm Self-Adhesive Vinyl Floor Tile (20 tiles / 20 sq ft),12x12,#225 3 Finger Medium Oak Parquet,20,0,8.13,images/achim/07c077_7dc8454212df4ec78a4e026493f51a93.jpg,Flooring,Tiles,Vinyl Tiles,Nexus 12x12 Vinyl,,
Vinyl Tiles,ACH-NEXUS-TILE,NEXUS 12x12 1.2mm Self-Adhesive Vinyl Floor Tile (20 tiles / 20 sq ft),12x12,#303,20,0,8.13,images/achim/07c077_5506889119754a778fadefec0d76cf9c.jpg,Flooring,Tiles,Vinyl Tiles,Nexus 12x12 Vinyl,,
Vinyl Tiles,ACH-NEXUS-TILE,NEXUS 12x12 1.2mm Self-Adhesive Vinyl Floor Tile (20 tiles / 20 sq ft),12x12,#326,20,0,8.13,images/achim/a5fda5_0d9dbcca1702488599826137ec297f57.jpg,Flooring,Tiles,Vinyl Tiles,Nexus 12x12 Vinyl,,
Vinyl Tiles,ACH-NEXUS-TILE,NEXUS 12x12 1.2mm Self-Adhesive Vinyl Floor Tile (20 tiles / 20 sq ft),12x12,#327 Marble Blocks,20,0,8.13,images/achim/a5fda5_778711bd01274424b2af5faa073ecbda.jpg,Flooring,Tiles,Vinyl Tiles,Nexus 12x12 Vinyl,,
Vinyl Tiles,ACH-NEXUS-TILE,NEXUS 12x12 1.2mm Self-Adhesive Vinyl Floor Tile (20 tiles / 20 sq ft),12x12,#232,20,0,8.13,images/achim/a5fda5_8feb8d9cb2f14826bc62c3e993dd0275.jpg,Flooring,Tiles,Vinyl Tiles,Nexus 12x12 Vinyl,,
Vinyl Tiles,ACH-NEXUS-TILE,NEXUS 12x12 1.2mm Self-Adhesive Vinyl Floor Tile (20 tiles / 20 sq ft),12x12,#229 Charcoal Grey Wood,20,0,8.13,images/achim/07c077_dbbd4577aeb84c43beaed846fc080239.jpg,Flooring,Tiles,Vinyl Tiles,Nexus 12x12 Vinyl,,
Vinyl Tiles,ACH-NEXUS-TILE,NEXUS 12x12 1.2mm Self-Adhesive Vinyl Floor Tile (20 tiles / 20 sq ft),12x12,#230 Saddlewood,20,0,8.13,images/achim/a5fda5_ba905e25ca394ae49d52474293291d1b.jpg,Flooring,Tiles,Vinyl Tiles,Nexus 12x12 Vinyl,,
Vinyl Tiles,ACH-NEXUS-TILE,NEXUS 12x12 1.2mm Self-Adhesive Vinyl Floor Tile (20 tiles / 20 sq ft),12x12,#231 Ash Grey Wood,20,0,8.13,images/achim/07c077_4b6185141bab44fbac286f9a35675a8c.jpg,Flooring,Tiles,Vinyl Tiles,Nexus 12x12 Vinyl,,
Vinyl Tiles,ACH-NEXUS-TILE,NEXUS 12x12 1.2mm Self-Adhesive Vinyl Floor Tile (20 tiles / 20 sq ft),12x12,#332 Brick Pavers,20,0,8.13,images/achim/07c077_f2ae273f03154951a595478babbd0d28.jpg,Flooring,Tiles,Vinyl Tiles,Nexus 12x12 Vinyl,,
Vinyl Tiles,ACH-NEXUS-TILE,NEXUS 12x12 1.2mm Self-Adhesive Vinyl Floor Tile (20 tiles / 20 sq ft),12x12,#334,20,0,8.13,images/achim/a5fda5_3127d3e3300140729702d630a7202d4d.jpg,Flooring,Tiles,Vinyl Tiles,Nexus 12x12 Vinyl,,
Vinyl Tiles,ACH-NEXUS-TILE,NEXUS 12x12 1.2mm Self-Adhesive Vinyl Floor Tile (20 tiles / 20 sq ft),12x12,#402,20,0,8.13,images/achim/a5fda5_0b2b4309d4614cd8988f3f776dc9cdd6.jpg,Flooring,Tiles,Vinyl Tiles,Nexus 12x12 Vinyl,,
Vinyl Tiles,ACH-NEXUS-TILE,NEXUS 12x12 1.2mm Self-Adhesive Vinyl Floor Tile (20 tiles / 20 sq ft),12x12,#409,20,0,8.13,images/achim/a5fda5_7267d7fadb1c4a9fbf816155ff5320d2.jpg,Flooring,Tiles,Vinyl Tiles,Nexus 12x12 Vinyl,,
Vinyl Tiles,ACH-NEXUS-TILE,NEXUS 12x12 1.2mm Self-Adhesive Vinyl Floor Tile (20 tiles / 20 sq ft),12x12,#422,20,0,8.13,images/achim/07c077_8de50ff641544b39b7c05f1544e5c78a.jpg,Flooring,Tiles,Vinyl Tiles,Nexus 12x12 Vinyl,,
Vinyl Tiles,ACH-NEXUS-TILE,NEXUS 12x12 1.2mm Self-Adhesive Vinyl Floor Tile (20 tiles / 20 sq ft),12x12,#337,20,0,8.13,images/achim/07c077_868a1ca697624e9e82cc67b1b682bd8b.jpg,Flooring,Tiles,Vinyl Tiles,Nexus 12x12 Vinyl,,
Vinyl Tiles,ACH-NEXUS-TILE,NEXUS 12x12 1.2mm Self-Adhesive Vinyl Floor Tile (20 tiles / 20 sq ft),12x12,#423,20,0,8.13,images/achim/07c077_d073a532c7a14c358e2d6c80948913f0.jpg,Flooring,Tiles,Vinyl Tiles,Nexus 12x12 Vinyl,,
Vinyl Tiles,ACH-NEXUS-TILE,NEXUS 12x12 1.2mm Self-Adhesive Vinyl Floor Tile (20 tiles / 20 sq ft),12x12,#425,20,0,8.13,images/achim/a5fda5_78837a1d185941dcac07d2ca44b20afc.jpg,Flooring,Tiles,Vinyl Tiles,Nexus 12x12 Vinyl,,
Vinyl Tiles,ACH-NEXUS-TILE,NEXUS 12x12 1.2mm Self-Adhesive Vinyl Floor Tile (20 tiles / 20 sq ft),12x12,#444,20,0,8.13,images/achim/a5fda5_dcd2f1d7866244a4bf7947452f839a68.jpg,Flooring,Tiles,Vinyl Tiles,Nexus 12x12 Vinyl,,
Vinyl Tiles,ACH-NEXUS-TILE,NEXUS 12x12 1.2mm Self-Adhesive Vinyl Floor Tile (20 tiles / 20 sq ft),12x12,#448,20,0,8.13,images/achim/07c077_53048083ad394f7691871d01090a3b29.jpg,Flooring,Tiles,Vinyl Tiles,Nexus 12x12 Vinyl,,
Vinyl Tiles,ACH-NEXUS-TILE,NEXUS 12x12 1.2mm Self-Adhesive Vinyl Floor Tile (20 tiles / 20 sq ft),12x12,#446,20,0,8.13,images/achim/a5fda5_13c85563537f40d3af73abc5b5fe8cf0.jpg,Flooring,Tiles,Vinyl Tiles,Nexus 12x12 Vinyl,,
Vinyl Tiles,ACH-NEXUS-TILE,NEXUS 12x12 1.2mm Self-Adhesive Vinyl Floor Tile (20 tiles / 20 sq ft),12x12,#456 White Slate,20,0,8.13,images/achim/07c077_7dfdf8f625534ebbace20f270bc91eba.jpg,Flooring,Tiles,Vinyl Tiles,Nexus 12x12 Vinyl,,
Vinyl Tiles,ACH-NEXUS-TILE,NEXUS 12x12 1.2mm Self-Adhesive Vinyl Floor Tile (20 tiles / 20 sq ft),12x12,#449,20,0,8.13,images/achim/07c077_7a88cd8724844a39bf64e2535d471ca1.jpg,Flooring,Tiles,Vinyl Tiles,Nexus 12x12 Vinyl,,
Vinyl Tiles,ACH-NEXUS-TILE,NEXUS 12x12 1.2mm Self-Adhesive Vinyl Floor Tile (20 tiles / 20 sq ft),12x12,#450 Carrera Marble,20,0,8.13,images/achim/07c077_32b967c7fb9f403a9589f88d818c8260.jpg,Flooring,Tiles,Vinyl Tiles,Nexus 12x12 Vinyl,,
Vinyl Tiles,ACH-NEXUS-TILE,NEXUS 12x12 1.2mm Self-Adhesive Vinyl Floor Tile (20 tiles / 20 sq ft),12x12,#455 Bianco Marble,20,0,8.13,images/achim/07c077_f5f2cae3408a4bcab1f172b4ea376954.jpg,Flooring,Tiles,Vinyl Tiles,Nexus 12x12 Vinyl,,
Vinyl Tiles,ACH-NEXUS-TILE,NEXUS 12x12 1.2mm Self-Adhesive Vinyl Floor Tile (20 tiles / 20 sq ft),12x12,#457 Mosaic,20,0,8.13,images/achim/a5fda5_1a9bd0db08254270a5d5223bee8d8344.jpg,Flooring,Tiles,Vinyl Tiles,Nexus 12x12 Vinyl,,
Vinyl Tiles,ACH-NEXUS-TILE,NEXUS 12x12 1.2mm Self-Adhesive Vinyl Floor Tile (20 tiles / 20 sq ft),12x12,#458,20,0,8.13,images/achim/07c077_5d967a2f021a4d0189ed13223091320d.jpg,Flooring,Tiles,Vinyl Tiles,Nexus 12x12 Vinyl,,
Vinyl Tiles,ACH-NEXUS-TILE,NEXUS 12x12 1.2mm Self-Adhesive Vinyl Floor Tile (20 tiles / 20 sq ft),12x12,#459,20,0,8.13,images/achim/07c077_0b44a05c2e8a4aefa08cf57bd6572edd.jpg,Flooring,Tiles,Vinyl Tiles,Nexus 12x12 Vinyl,,
Vinyl Tiles,ACH-NEXUS-TILE,NEXUS 12x12 1.2mm Self-Adhesive Vinyl Floor Tile (20 tiles / 20 sq ft),12x12,#460,20,0,8.13,images/achim/07c077_e36e4138a7814c6d8bf198ae172f0895.jpg,Flooring,Tiles,Vinyl Tiles,Nexus 12x12 Vinyl,,
Vinyl Tiles,ACH-NEXUS-TILE,NEXUS 12x12 1.2mm Self-Adhesive Vinyl Floor Tile (20 tiles / 20 sq ft),12x12,#461,20,0,8.13,images/achim/07c077_da96c1e782a444e793426c1bae2d4a44.jpg,Flooring,Tiles,Vinyl Tiles,Nexus 12x12 Vinyl,,
Vinyl Tiles,ACH-NEXUS-TILE,NEXUS 12x12 1.2mm Self-Adhesive Vinyl Floor Tile (20 tiles / 20 sq ft),12x12,#462,20,0,8.13,images/achim/07c077_456f12310d15402d8c937e1b2609faf8.jpg,Flooring,Tiles,Vinyl Tiles,Nexus 12x12 Vinyl,,
Vinyl Tiles,ACH-TIVOLI-TILE,TIVOLI 12x12 1.2mm Self-Adhesive Vinyl Floor Tile (45 tiles / 45 sq ft),12x12,#103 Black & White,45,0,18.38,images/achim/07c077_2dd57b0ea9a748e3a0b913faa2ddec65.jpg,Flooring,Tiles,Vinyl Tiles,Tivoli 12x12,,
Vinyl Tiles,ACH-TIVOLI-TILE,TIVOLI 12x12 1.2mm Self-Adhesive Vinyl Floor Tile (45 tiles / 45 sq ft),12x12,#201 Classic Parquet Oak,45,0,18.38,images/achim/a5fda5_60acf7b7ecfc45c9a2a6d3284b0cb84e.jpg,Flooring,Tiles,Vinyl Tiles,Tivoli 12x12,,
Vinyl Tiles,ACH-TIVOLI-TILE,TIVOLI 12x12 1.2mm Self-Adhesive Vinyl Floor Tile (45 tiles / 45 sq ft),12x12,#202 Classic Light Oak Diamond Parquet,45,0,18.38,images/achim/07c077_ae1b90376594407b9b2c723a3218f510.jpg,Flooring,Tiles,Vinyl Tiles,Tivoli 12x12,,
Vinyl Tiles,ACH-TIVOLI-TILE,TIVOLI 12x12 1.2mm Self-Adhesive Vinyl Floor Tile (45 tiles / 45 sq ft),12x12,#204 Four Finger Square Parquet,45,0,18.38,images/achim/07c077_ca805ac53d2846c5818f6df3af8d81af.jpg,Flooring,Tiles,Vinyl Tiles,Tivoli 12x12,,
Vinyl Tiles,ACH-TIVOLI-TILE,TIVOLI 12x12 1.2mm Self-Adhesive Vinyl Floor Tile (45 tiles / 45 sq ft),12x12,#205 White Border Classic Inlaid Parquet,45,0,18.38,images/logo.png,Flooring,Tiles,Vinyl Tiles,Tivoli 12x12,,
Vinyl Tiles,ACH-TIVOLI-TILE,TIVOLI 12x12 1.2mm Self-Adhesive Vinyl Floor Tile (45 tiles / 45 sq ft),12x12,#214 Light Oak Plank Look,45,0,18.38,images/logo.png,Flooring,Tiles,Vinyl Tiles,Tivoli 12x12,,
Vinyl Tiles,ACH-TIVOLI-TILE,TIVOLI 12x12 1.2mm Self-Adhesive Vinyl Floor Tile (45 tiles / 45 sq ft),12x12,#223 Medium Oak Plank Look,45,0,18.38,images/achim/07c077_9d7373d8f9c842efaf39a9cd8a677369.jpg,Flooring,Tiles,Vinyl Tiles,Tivoli 12x12,,
Vinyl Tiles,ACH-TIVOLI-TILE,TIVOLI 12x12 1.2mm Self-Adhesive Vinyl Floor Tile (45 tiles / 45 sq ft),12x12,#224 Wood Diamond,45,0,18.38,images/achim/07c077_b47cc29341b745b3be930e9674b4658c.jpg,Flooring,Tiles,Vinyl Tiles,Tivoli 12x12,,
Vinyl Tiles,ACH-TIVOLI-TILE,TIVOLI 12x12 1.2mm Self-Adhesive Vinyl Floor Tile (45 tiles / 45 sq ft),12x12,#225 3 Finger Medium Oak Parquet,45,0,18.38,images/achim/07c077_da0fd6d8a7864830b17299de6b75c703.jpg,Flooring,Tiles,Vinyl Tiles,Tivoli 12x12,,
Vinyl Tiles,ACH-TIVOLI-TILE,TIVOLI 12x12 1.2mm Self-Adhesive Vinyl Floor Tile (45 tiles / 45 sq ft),12x12,#229 Charcoal Grey Wood,45,0,18.38,images/achim/07c077_9ffd9904c2f74b2285dabdc3a92168e6.jpg,Flooring,Tiles,Vinyl Tiles,Tivoli 12x12,,
Vinyl Tiles,ACH-TIVOLI-TILE,TIVOLI 12x12 1.2mm Self-Adhesive Vinyl Floor Tile (45 tiles / 45 sq ft),12x12,#230 Saddlewood,45,0,18.38,images/achim/a5fda5_ba905e25ca394ae49d52474293291d1b.jpg,Flooring,Tiles,Vinyl Tiles,Tivoli 12x12,,
Vinyl Tiles,ACH-TIVOLI-TILE,TIVOLI 12x12 1.2mm Self-Adhesive Vinyl Floor Tile (45 tiles / 45 sq ft),12x12,#231 Ash Grey Wood,45,0,18.38,images/achim/07c077_ff15641497db473086782a0a4299f286.jpg,Flooring,Tiles,Vinyl Tiles,Tivoli 12x12,,
Vinyl Tiles,ACH-TIVOLI-TILE,TIVOLI 12x12 1.2mm Self-Adhesive Vinyl Floor Tile (45 tiles / 45 sq ft),12x12,#327 Marble Blocks,45,0,18.38,images/achim/a5fda5_778711bd01274424b2af5faa073ecbda.jpg,Flooring,Tiles,Vinyl Tiles,Tivoli 12x12,,
Vinyl Tiles,ACH-TIVOLI-TILE,TIVOLI 12x12 1.2mm Self-Adhesive Vinyl Floor Tile (45 tiles / 45 sq ft),12x12,#332 Brick Pavers,45,0,18.38,images/achim/07c077_5f7336e949b14254a93feaa96d0b9822.jpg,Flooring,Tiles,Vinyl Tiles,Tivoli 12x12,,
Vinyl Tiles,ACH-TIVOLI-TILE,TIVOLI 12x12 1.2mm Self-Adhesive Vinyl Floor Tile (45 tiles / 45 sq ft),12x12,#450 Carrera Marble,45,0,18.38,images/logo.png,Flooring,Tiles,Vinyl Tiles,Tivoli 12x12,,
Vinyl Tiles,ACH-TIVOLI-TILE,TIVOLI 12x12 1.2mm Self-Adhesive Vinyl Floor Tile (45 tiles / 45 sq ft),12x12,#455 Bianco Marble,45,0,18.38,images/achim/07c077_d05c00c27cf748358f787fa8ea702f86.jpg,Flooring,Tiles,Vinyl Tiles,Tivoli 12x12,,
Vinyl Tiles,ACH-TIVOLI-TILE,TIVOLI 12x12 1.2mm Self-Adhesive Vinyl Floor Tile (45 tiles / 45 sq ft),12x12,#456 White Slate,45,0,18.38,images/achim/07c077_7dfdf8f625534ebbace20f270bc91eba.jpg,Flooring,Tiles,Vinyl Tiles,Tivoli 12x12,,
Vinyl Tiles,ACH-TIVOLI-TILE,TIVOLI 12x12 1.2mm Self-Adhesive Vinyl Floor Tile (45 tiles / 45 sq ft),12x12,#457 Mosaic,45,0,18.38,images/achim/07c077_0d758a9fbd2e4d2288e020a882290654.jpg,Flooring,Tiles,Vinyl Tiles,Tivoli 12x12,,
Vinyl Tiles,ACH-RETRO-TILE,RETRO 12x12 1.5mm Self-Adhesive Vinyl Floor Tile (20 tiles / 20 sq ft),12x12,#601 Slate,20,0,16.25,images/achim/aa8ff3_6d9d9ad79ca74595ac81ed4e7b83d5b1.jpg,Flooring,Tiles,Vinyl Tiles,Retro 12x12,,
Vinyl Tiles,ACH-RETRO-TILE,RETRO 12x12 1.5mm Self-Adhesive Vinyl Floor Tile (20 tiles / 20 sq ft),12x12,#602 Green Medallion,20,0,16.25,images/achim/aa8ff3_a86be03ad9ff40078d9741eeedf7c76e.jpg,Flooring,Tiles,Vinyl Tiles,Retro 12x12,,
Vinyl Tiles,ACH-RETRO-TILE,RETRO 12x12 1.5mm Self-Adhesive Vinyl Floor Tile (20 tiles / 20 sq ft),12x12,#603 Burch,20,0,16.25,images/logo.png,Flooring,Tiles,Vinyl Tiles,Retro 12x12,,
Vinyl Tiles,ACH-RETRO-TILE,RETRO 12x12 1.5mm Self-Adhesive Vinyl Floor Tile (20 tiles / 20 sq ft),12x12,#604 Geometric,20,0,16.25,images/achim/aa8ff3_eb662418ebcf4f3a93fa5267e0aed22f.jpg,Flooring,Tiles,Vinyl Tiles,Retro 12x12,,
Vinyl Tiles,ACH-RETRO-TILE,RETRO 12x12 1.5mm Self-Adhesive Vinyl Floor Tile (20 tiles / 20 sq ft),12x12,#605 Prism Marble,20,0,16.25,images/achim/aa8ff3_4599cae8f12a4e76a0d05453fefa6465.jpg,Flooring,Tiles,Vinyl Tiles,Retro 12x12,,
Vinyl Tiles,ACH-RETRO-TILE,RETRO 12x12 1.5mm Self-Adhesive Vinyl Floor Tile (20 tiles / 20 sq ft),12x12,#606 Navy Pearl,20,0,16.25,images/logo.png,Flooring,Tiles,Vinyl Tiles,Retro 12x12,,
Vinyl Tiles,ACH-RETRO-TILE,RETRO 12x12 1.5mm Self-Adhesive Vinyl Floor Tile (20 tiles / 20 sq ft),12x12,#607 Geo Puzzle,20,0,16.25,images/achim/a5fda5_43efe78f66c0446780f23abee062c8e0.jpg,Flooring,Tiles,Vinyl Tiles,Retro 12x12,,
Vinyl Tiles,ACH-RETRO-TILE,RETRO 12x12 1.5mm Self-Adhesive Vinyl Floor Tile (20 tiles / 20 sq ft),12x12,#608 Diamond,20,0,16.25,images/achim/aa8ff3_7a2a9c2e33e6485dbc5b2bab13e72c88.jpg,Flooring,Tiles,Vinyl Tiles,Retro 12x12,,
Vinyl Tiles,ACH-RETRO-TILE,RETRO 12x12 1.5mm Self-Adhesive Vinyl Floor Tile (20 tiles / 20 sq ft),12x12,#609 Carerra,20,0,16.25,images/logo.png,Flooring,Tiles,Vinyl Tiles,Retro 12x12,,
Vinyl Tiles,ACH-RETRO-TILE,RETRO 12x12 1.5mm Self-Adhesive Vinyl Floor Tile (20 tiles / 20 sq ft),12x12,#610 Chevron,20,0,16.25,images/achim/a5fda5_31803fb6b5734cfaae2ebbc05885551d.jpg,Flooring,Tiles,Vinyl Tiles,Retro 12x12,,
Vinyl Tiles,ACH-RETRO-TILE,RETRO 12x12 1.5mm Self-Adhesive Vinyl Floor Tile (20 tiles / 20 sq ft),12x12,#611 Octagon,20,0,16.25,images/logo.png,Flooring,Tiles,Vinyl Tiles,Retro 12x12,,
Vinyl Tiles,ACH-RETRO-TILE,RETRO 12x12 1.5mm Self-Adhesive Vinyl Floor Tile (20 tiles / 20 sq ft),12x12,#612 Affinity,20,0,16.25,images/logo.png,Flooring,Tiles,Vinyl Tiles,Retro 12x12,,
Vinyl Tiles,ACH-RETRO-TILE,RETRO 12x12 1.5mm Self-Adhesive Vinyl Floor Tile (20 tiles / 20 sq ft),12x12,#613 Clover,20,0,16.25,images/achim/a5fda5_a27e4c090bf744e991d16280932eba96.jpg,Flooring,Tiles,Vinyl Tiles,Retro 12x12,,
Vinyl Tiles,ACH-RETRO-TILE,RETRO 12x12 1.5mm Self-Adhesive Vinyl Floor Tile (20 tiles / 20 sq ft),12x12,#614 Linen Waves,20,0,16.25,images/achim/a5fda5_6b4380fca66040899713ca4894246aae.jpg,Flooring,Tiles,Vinyl Tiles,Retro 12x12,,
Vinyl Tiles,ACH-RETRO-TILE,RETRO 12x12 1.5mm Self-Adhesive Vinyl Floor Tile (20 tiles / 20 sq ft),12x12,#615 Van Clover,20,0,16.25,images/achim/a5fda5_0eef6847946b454badd78ac192189740.jpg,Flooring,Tiles,Vinyl Tiles,Retro 12x12,,
Vinyl Tiles,ACH-RETRO-TILE,RETRO 12x12 1.5mm Self-Adhesive Vinyl Floor Tile (20 tiles / 20 sq ft),12x12,#616 Latte,20,0,16.25,images/achim/a5fda5_0102b4a9910943c3a8af364024d58089.jpg,Flooring,Tiles,Vinyl Tiles,Retro 12x12,,
Vinyl Tiles,ACH-RETRO-TILE,RETRO 12x12 1.5mm Self-Adhesive Vinyl Floor Tile (20 tiles / 20 sq ft),12x12,#617 Starlight,20,0,16.25,images/achim/a5fda5_3ab7d94270e74ef1a548ccb9f1cfb8f2.jpg,Flooring,Tiles,Vinyl Tiles,Retro 12x12,,
Vinyl Tiles,ACH-RETRO-TILE,RETRO 12x12 1.5mm Self-Adhesive Vinyl Floor Tile (20 tiles / 20 sq ft),12x12,#618 Watercolor Check,20,0,16.25,images/logo.png,Flooring,Tiles,Vinyl Tiles,Retro 12x12,,
Vinyl Tiles,ACH-RETRO-TILE,RETRO 12x12 1.5mm Self-Adhesive Vinyl Floor Tile (20 tiles / 20 sq ft),12x12,#619 Edge,20,0,16.25,images/achim/a5fda5_4b1dec8d001c469682a631defc9bd5e6.jpg,Flooring,Tiles,Vinyl Tiles,Retro 12x12,,
Vinyl Tiles,ACH-RETRO-TILE,RETRO 12x12 1.5mm Self-Adhesive Vinyl Floor Tile (20 tiles / 20 sq ft),12x12,#620 Mod Diamond,20,0,16.25,images/achim/a5fda5_c894b1f725dc4db184f284fff8ed1fdf.jpg,Flooring,Tiles,Vinyl Tiles,Retro 12x12,,
Vinyl Tiles,ACH-RETRO-TILE,RETRO 12x12 1.5mm Self-Adhesive Vinyl Floor Tile (20 tiles / 20 sq ft),12x12,#621 Swirls-Toffee,20,0,16.25,images/achim/a5fda5_cdfa8e14302c447d84fbd0548075d1e3.jpg,Flooring,Tiles,Vinyl Tiles,Retro 12x12,,
Vinyl Tiles,ACH-RETRO-TILE,RETRO 12x12 1.5mm Self-Adhesive Vinyl Floor Tile (20 tiles / 20 sq ft),12x12,#622 Villa-Toffee,20,0,16.25,images/achim/a5fda5_b199a3154518438391754d93029c7537.jpg,Flooring,Tiles,Vinyl Tiles,Retro 12x12,,
Vinyl Tiles,ACH-RETRO-TILE,RETRO 12x12 1.5mm Self-Adhesive Vinyl Floor Tile (20 tiles / 20 sq ft),12x12,#623 Woven Marble,20,0,16.25,images/achim/a5fda5_f3f33fe57df74563ba28b365cba5c8cd.jpg,Flooring,Tiles,Vinyl Tiles,Retro 12x12,,
Vinyl Tiles,ACH-RETRO-TILE,RETRO 12x12 1.5mm Self-Adhesive Vinyl Floor Tile (20 tiles / 20 sq ft),12x12,#624 Onyx Star,20,0,16.25,images/achim/a5fda5_40a890221aea4447b4c165cde73956ed.jpg,Flooring,Tiles,Vinyl Tiles,Retro 12x12,,
Vinyl Tiles,ACH-RETRO-TILE,RETRO 12x12 1.5mm Self-Adhesive Vinyl Floor Tile (20 tiles / 20 sq ft),12x12,#625 Scallop,20,0,16.25,images/achim/a5fda5_4a91b19b60d34bf3aaa40ef5d7b59733.jpg,Flooring,Tiles,Vinyl Tiles,Retro 12x12,,
Vinyl Tiles,ACH-RETRO-TILE,RETRO 12x12 1.5mm Self-Adhesive Vinyl Floor Tile (20 tiles / 20 sq ft),12x12,#626 Arabesque,20,0,16.25,images/logo.png,Flooring,Tiles,Vinyl Tiles,Retro 12x12,,
Vinyl Tiles,ACH-RETRO-TILE,RETRO 12x12 1.5mm Self-Adhesive Vinyl Floor Tile (20 tiles / 20 sq ft),12x12,#627 Marble Criss Cross,20,0,16.25,images/achim/a5fda5_7999ed6a7d2d4b309747b2735bc16000.jpg,Flooring,Tiles,Vinyl Tiles,Retro 12x12,,
Vinyl Tiles,ACH-RETRO-TILE,RETRO 12x12 1.5mm Self-Adhesive Vinyl Floor Tile (20 tiles / 20 sq ft),12x12,#628 Stone Herringbone,20,0,16.25,images/achim/a5fda5_8f5388a720a9442caf4ddc9e4b937f23.jpg,Flooring,Tiles,Vinyl Tiles,Retro 12x12,,
Vinyl Tiles,ACH-RETRO-TILE,RETRO 12x12 1.5mm Self-Adhesive Vinyl Floor Tile (20 tiles / 20 sq ft),12x12,#629 Whitewash Chevron,20,0,16.25,images/achim/a5fda5_31803fb6b5734cfaae2ebbc05885551d.jpg,Flooring,Tiles,Vinyl Tiles,Retro 12x12,,
Vinyl Tiles,ACH-RETRO-TILE,RETRO 12x12 1.5mm Self-Adhesive Vinyl Floor Tile (20 tiles / 20 sq ft),12x12,#630 Blonde Herringbone,20,0,16.25,images/achim/a5fda5_a51046a23dd94145b721f44fd0402692.jpg,Flooring,Tiles,Vinyl Tiles,Retro 12x12,,
Vinyl Tiles,ACH-PALAZZO-TILE,PALAZZO 12x24 2.0mm Self-Adhesive Vinyl Floor Tile (20 tiles / 40 sq ft),12x24,#801 Opal,20,0,40.00,images/achim/aa8ff3_2a398e37c6b040cc8c283464162cff75.jpg,Flooring,Tiles,Vinyl Tiles,Palazzo 12x24,,
Vinyl Tiles,ACH-PALAZZO-TILE,PALAZZO 12x24 2.0mm Self-Adhesive Vinyl Floor Tile (20 tiles / 40 sq ft),12x24,#802 Quarry Stone,20,0,40.00,images/achim/aa8ff3_2095ee3065f844a393f7bf8226fe9d0b.jpg,Flooring,Tiles,Vinyl Tiles,Palazzo 12x24,,
Vinyl Tiles,ACH-PALAZZO-TILE,PALAZZO 12x24 2.0mm Self-Adhesive Vinyl Floor Tile (20 tiles / 40 sq ft),12x24,#803 Luxe White,20,0,40.00,images/achim/aa8ff3_aad6bda4263144768ac57b504685f318.jpg,Flooring,Tiles,Vinyl Tiles,Palazzo 12x24,,
Vinyl Tiles,ACH-PALAZZO-TILE,PALAZZO 12x24 2.0mm Self-Adhesive Vinyl Floor Tile (20 tiles / 40 sq ft),12x24,#804 Azurro Marble,20,0,40.00,images/achim/aa8ff3_70fa70ebb1d84e97ab892ee4de9797d4.jpg,Flooring,Tiles,Vinyl Tiles,Palazzo 12x24,,
Vinyl Tiles,ACH-PALAZZO-TILE,PALAZZO 12x24 2.0mm Self-Adhesive Vinyl Floor Tile (20 tiles / 40 sq ft),12x24,#805 Beechwood,20,0,40.00,images/achim/aa8ff3_728cd07b328449c4bb21cb501bc37a75.jpg,Flooring,Tiles,Vinyl Tiles,Palazzo 12x24,,
Vinyl Tiles,ACH-PALAZZO-TILE,PALAZZO 12x24 2.0mm Self-Adhesive Vinyl Floor Tile (20 tiles / 40 sq ft),12x24,#806 City Scape Concrete,20,0,40.00,images/logo.png,Flooring,Tiles,Vinyl Tiles,Palazzo 12x24,,
Vinyl Planks,ACH-NEXUS-PLANK,NEXUS 6x36 1.2mm Peel-and-Stick Vinyl Floor Planks (10 planks / 15 sq ft),6x36,Walnut,10,0,10.50,images/achim/07c077_3774187d762e4df8a27bda65b40e1bc1.jpg,Flooring,Planks,Vinyl Planks,Nexus 6x36 1.2mm,,
Vinyl Planks,ACH-NEXUS-PLANK,NEXUS 6x36 1.2mm Peel-and-Stick Vinyl Floor Planks (10 planks / 15 sq ft),6x36,Saddle,10,0,10.50,images/achim/07c077_4f67adb20f584b6ca9ef10d7cca13b7f.jpg,Flooring,Planks,Vinyl Planks,Nexus 6x36 1.2mm,,
Vinyl Planks,ACH-NEXUS-PLANK,NEXUS 6x36 1.2mm Peel-and-Stick Vinyl Floor Planks (10 planks / 15 sq ft),6x36,Light Grey Oak,10,0,10.50,images/achim/07c077_43e7060114e14f02bf840084a5454de5.jpg,Flooring,Planks,Vinyl Planks,Nexus 6x36 1.2mm,,
Vinyl Planks,ACH-NEXUS-PLANK,NEXUS 6x36 1.2mm Peel-and-Stick Vinyl Floor Planks (10 planks / 15 sq ft),6x36,Hickory,10,0,10.50,images/achim/07c077_c3119ef1c5a34e57b2c7691ebe217578.jpg,Flooring,Planks,Vinyl Planks,Nexus 6x36 1.2mm,,
Vinyl Planks,ACH-NEXUS-PLANK,NEXUS 6x36 1.2mm Peel-and-Stick Vinyl Floor Planks (10 planks / 15 sq ft),6x36,White Oak,10,0,10.50,images/achim/07c077_82ce5ab264a94d0a8e3a977be4961b97.jpg,Flooring,Planks,Vinyl Planks,Nexus 6x36 1.2mm,,
Vinyl Planks,ACH-NEXUS-PLANK,NEXUS 6x36 1.2mm Peel-and-Stick Vinyl Floor Planks (10 planks / 15 sq ft),6x36,Espresso,10,0,10.50,images/achim/07c077_72be27ef64bf42c0888b7b36491eb531.jpg,Flooring,Planks,Vinyl Planks,Nexus 6x36 1.2mm,,
Vinyl Planks,ACH-TIVOLI2-PLANK,TIVOLI II 6x36 2.0mm Peel-and-Stick Vinyl Floor Planks (10 planks / 15 sq ft),6x36,Silver Spruce,10,0,14.88,images/achim/a5fda5_c74e75a867ab407caf2fedb48761d7e3.jpg,Flooring,Planks,Vinyl Planks,Tivoli II 6x36 2.0mm,,
Vinyl Planks,ACH-TIVOLI2-PLANK,TIVOLI II 6x36 2.0mm Peel-and-Stick Vinyl Floor Planks (10 planks / 15 sq ft),6x36,Medium Oak,10,0,14.88,images/logo.png,Flooring,Planks,Vinyl Planks,Tivoli II 6x36 2.0mm,,
Vinyl Planks,ACH-TIVOLI2-PLANK,TIVOLI II 6x36 2.0mm Peel-and-Stick Vinyl Floor Planks (10 planks / 15 sq ft),6x36,3 Plank Maple,10,0,14.88,images/achim/07c077_ba1c7f6141b8424cab49990817d8e894.jpg,Flooring,Planks,Vinyl Planks,Tivoli II 6x36 2.0mm,,
Vinyl Planks,ACH-TIVOLI2-PLANK,TIVOLI II 6x36 2.0mm Peel-and-Stick Vinyl Floor Planks (10 planks / 15 sq ft),6x36,Redwood,10,0,14.88,images/logo.png,Flooring,Planks,Vinyl Planks,Tivoli II 6x36 2.0mm,,
Vinyl Planks,ACH-TIVOLI2-PLANK,TIVOLI II 6x36 2.0mm Peel-and-Stick Vinyl Floor Planks (10 planks / 15 sq ft),6x36,Mahogany,10,0,14.88,images/achim/a5fda5_e9f8fc37af424cc0b0a6c9747f3d9aa4.jpg,Flooring,Planks,Vinyl Planks,Tivoli II 6x36 2.0mm,,
Vinyl Planks,ACH-TIVOLI2-PLANK,TIVOLI II 6x36 2.0mm Peel-and-Stick Vinyl Floor Planks (10 planks / 15 sq ft),6x36,Silverton,10,0,14.88,images/achim/07c077_81dc1e0a57c644f7b0ad91d49d6c0d26.jpg,Flooring,Planks,Vinyl Planks,Tivoli II 6x36 2.0mm,,
Carpet Tiles,ACH-NEXUS-CARPET,NEXUS 12x12 Self-Adhesive Carpet Tile (12 tiles / 12 sq ft),12x12,Smoke,12,0,9.69,images/achim/a5fda5_ee754b31d7fa4188aac3d2365159d9a4.jpg,Flooring,Tiles,Carpet Tiles,Nexus Carpet 12x12,,
Carpet Tiles,ACH-NEXUS-CARPET,NEXUS 12x12 Self-Adhesive Carpet Tile (12 tiles / 12 sq ft),12x12,Tan,12,0,9.69,images/achim/a5fda5_10ea4d187231483cbf2467a614aeca2b.jpg,Flooring,Tiles,Carpet Tiles,Nexus Carpet 12x12,,
Carpet Tiles,ACH-NEXUS-CARPET,NEXUS 12x12 Self-Adhesive Carpet Tile (12 tiles / 12 sq ft),12x12,Burgundy,12,0,9.69,images/achim/a5fda5_b4bfe4e5c2104070a4e513f718005a6d.jpg,Flooring,Tiles,Carpet Tiles,Nexus Carpet 12x12,,
Carpet Tiles,ACH-NEXUS-CARPET,NEXUS 12x12 Self-Adhesive Carpet Tile (12 tiles / 12 sq ft),12x12,Jet,12,0,9.69,images/achim/a5fda5_910247f2222449eb873c3731c8735082.jpg,Flooring,Tiles,Carpet Tiles,Nexus Carpet 12x12,,
Carpet Tiles,ACH-NEXUS-CARPET,NEXUS 12x12 Self-Adhesive Carpet Tile (12 tiles / 12 sq ft),12x12,Navy,12,0,9.69,images/achim/a5fda5_410c9a1a25834046ae3fc6b68a564bc3.jpg,Flooring,Tiles,Carpet Tiles,Nexus Carpet 12x12,,
Carpet Tiles,ACH-NEXUS-CARPET-50,NEXUS 19.7x19.7 Self-Adhesive Carpet Tile (12 tiles / ~32 sq ft),19.7x19.7,Smoke,12,0,24.38,images/logo.png,Flooring,Tiles,Carpet Tiles,Nexus Carpet 19.7x19.7,,
Carpet Tiles,ACH-NEXUS-CARPET-50,NEXUS 19.7x19.7 Self-Adhesive Carpet Tile (12 tiles / ~32 sq ft),19.7x19.7,Jet,12,0,24.38,images/logo.png,Flooring,Tiles,Carpet Tiles,Nexus Carpet 19.7x19.7,,
Vinyl Planks,ALV-CLICK-PLANK,ALVERON Click-Lock SPC Plank 7.2x48 5mm / 20 mil (10 planks / 24 sq ft),7.2x48,Natural Drift,10,0,52.50,images/logo.png,Flooring,Planks,Click-Lock,Alveron Click-Lock 7.2x48,,
Vinyl Planks,ALV-CLICK-PLANK,ALVERON Click-Lock SPC Plank 7.2x48 5mm / 20 mil (10 planks / 24 sq ft),7.2x48,Canyon Hickory,10,0,52.50,images/logo.png,Flooring,Planks,Click-Lock,Alveron Click-Lock 7.2x48,,
Vinyl Planks,ALV-CLICK-PLANK,ALVERON Click-Lock SPC Plank 7.2x48 5mm / 20 mil (10 planks / 24 sq ft),7.2x48,Whiskey Oak,10,0,52.50,images/logo.png,Flooring,Planks,Click-Lock,Alveron Click-Lock 7.2x48,,
Vinyl Planks,ALV-CLICK-PLANK,ALVERON Click-Lock SPC Plank 7.2x48 5mm / 20 mil (10 planks / 24 sq ft),7.2x48,Cashmere Oak,10,0,52.50,images/logo.png,Flooring,Planks,Click-Lock,Alveron Click-Lock 7.2x48,,
Vinyl Planks,ALV-CLICK-PLANK,ALVERON Click-Lock SPC Plank 7.2x48 5mm / 20 mil (10 planks / 24 sq ft),7.2x48,Heritage Mahogany,10,0,52.50,images/logo.png,Flooring,Planks,Click-Lock,Alveron Click-Lock 7.2x48,,
Vinyl Planks,ALV-CLICK-PLANK,ALVERON Click-Lock SPC Plank 7.2x48 5mm / 20 mil (10 planks / 24 sq ft),7.2x48,Seaside Linen,10,0,52.50,images/logo.png,Flooring,Planks,Click-Lock,Alveron Click-Lock 7.2x48,,
Vinyl Tiles,ACH-PORTFOLIO-TILE,PORTFOLIO 12x12 2.0mm Self-Adhesive Vinyl Floor Tile,12x12,Walnut Parquet,1,0,,images/achim/07c077_4f31f89ff02e4b8b8a6716f8372c5033.jpg,Flooring,Tiles,Vinyl Tiles,Portfolio 12x12 2.0mm,,
Vinyl Tiles,ACH-PORTFOLIO-TILE,PORTFOLIO 12x12 2.0mm Self-Adhesive Vinyl Floor Tile,12x12,Blue Diamond,1,0,,images/achim/a5fda5_1fa71e4d4ec2454fb5f6f55e7f66528a.jpg,Flooring,Tiles,Vinyl Tiles,Portfolio 12x12 2.0mm,,
Vinyl Tiles,ACH-PORTFOLIO-TILE,PORTFOLIO 12x12 2.0mm Self-Adhesive Vinyl Floor Tile,12x12,Cobble Mosaic,1,0,,images/achim/07c077_22b8f42de35f4a409667e54acfb65727.jpg,Flooring,Tiles,Vinyl Tiles,Portfolio 12x12 2.0mm,,
Vinyl Tiles,ACH-PORTFOLIO-TILE,PORTFOLIO 12x12 2.0mm Self-Adhesive Vinyl Floor Tile,12x12,Rustic Clay Square,1,0,,images/achim/07c077_1536dab2c12242d7adcb437215361192.jpg,Flooring,Tiles,Vinyl Tiles,Portfolio 12x12 2.0mm,,
Vinyl Tiles,ACH-PORTFOLIO-TILE,PORTFOLIO 12x12 2.0mm Self-Adhesive Vinyl Floor Tile,12x12,Midnight Marble,1,0,,images/achim/07c077_b31e22d5dbd94f418e31e154e7a956db.jpg,Flooring,Tiles,Vinyl Tiles,Portfolio 12x12 2.0mm,,
Vinyl Tiles,ACH-PORTFOLIO-TILE,PORTFOLIO 12x12 2.0mm Self-Adhesive Vinyl Floor Tile,12x12,Ash Grey Wood,1,0,,images/achim/07c077_ee0febf347be4ba1b7fc6dbe5bf76b69.jpg,Flooring,Tiles,Vinyl Tiles,Portfolio 12x12 2.0mm,,
Vinyl Tiles,ACH-STERLING-TILE,STERLING 12x12 Self-Adhesive Vinyl Floor Tile,12x12,Black,1,0,,images/achim/a5fda5_572c369986f5428081253e6f02c0b6cc.jpg,Flooring,Tiles,Vinyl Tiles,Sterling 12x12,,
Vinyl Tiles,ACH-STERLING-TILE,STERLING 12x12 Self-Adhesive Vinyl Floor Tile,12x12,White,1,0,,images/achim/a5fda5_9ad2bbf53afb4fa291915dc6efdff603.jpg,Flooring,Tiles,Vinyl Tiles,Sterling 12x12,,
Vinyl Tiles,ACH-STERLING-TILE,STERLING 12x12 Self-Adhesive Vinyl Floor Tile,12x12,Black and White,1,0,,images/achim/07c077_78a326ed71ee4e48b9c3412f2b7fc376.jpg,Flooring,Tiles,Vinyl Tiles,Sterling 12x12,,
Vinyl Tiles,ACH-STERLING-TILE,STERLING 12x12 Self-Adhesive Vinyl Floor Tile,12x12,Medium Oak Plank,1,0,,images/achim/a5fda5_68e717c214e94bb5891c07961ea5af08.jpg,Flooring,Tiles,Vinyl Tiles,Sterling 12x12,,
Vinyl Tiles,ACH-STERLING-TILE,STERLING 12x12 Self-Adhesive Vinyl Floor Tile,12x12,Classic White Grey Veins,1,0,,images/achim/a5fda5_0b2b4309d4614cd8988f3f776dc9cdd6.jpg,Flooring,Tiles,Vinyl Tiles,Sterling 12x12,,
Vinyl Tiles,ACH-STERLING-TILE,STERLING 12x12 Self-Adhesive Vinyl Floor Tile,12x12,Black White Vein Marble,1,0,,images/achim/a5fda5_7267d7fadb1c4a9fbf816155ff5320d2.jpg,Flooring,Tiles,Vinyl Tiles,Sterling 12x12,,
Vinyl Tiles,ACH-STERLING-TILE,STERLING 12x12 Self-Adhesive Vinyl Floor Tile,12x12,Granite,1,0,,images/achim/07c077_d073a532c7a14c358e2d6c80948913f0.jpg,Flooring,Tiles,Vinyl Tiles,Sterling 12x12,,
Vinyl Tiles,ACH-STERLING-TILE,STERLING 12x12 Self-Adhesive Vinyl Floor Tile,12x12,Spanish Rose,1,0,,images/achim/07c077_6e0b1fa76f3849298fe16511cf23e662.jpg,Flooring,Tiles,Vinyl Tiles,Sterling 12x12,,
Vinyl Tiles,ACH-STERLING-TILE,STERLING 12x12 Self-Adhesive Vinyl Floor Tile,12x12,Rustic Marble,1,0,,images/achim/07c077_4fbac7f3cd5e4b30b48e7d2aded9be3f.jpg,Flooring,Tiles,Vinyl Tiles,Sterling 12x12,,
Vinyl Tiles,ACH-STERLING-TILE,STERLING 12x12 Self-Adhesive Vinyl Floor Tile,12x12,Gray Speckled Granite,1,0,,images/achim/07c077_ce160f6fd3164eb7890587d29419fa68.jpg,Flooring,Tiles,Vinyl Tiles,Sterling 12x12,,
Vinyl Tiles,ACH-STERLING-TILE,STERLING 12x12 Self-Adhesive Vinyl Floor Tile,12x12,Black Speckled Granite,1,0,,images/achim/07c077_d510311188f0430abb7bd7470665fc38.jpg,Flooring,Tiles,Vinyl Tiles,Sterling 12x12,,
Vinyl Tiles,ACH-STERLING-TILE,STERLING 12x12 Self-Adhesive Vinyl Floor Tile,12x12,Light Oak Plank,1,0,,images/achim/a5fda5_7ef3e0dec95b433e83f6b843e793f981.jpg,Flooring,Tiles,Vinyl Tiles,Sterling 12x12,,
Vinyl Tiles,ACH-STERLING-TILE,STERLING 12x12 Self-Adhesive Vinyl Floor Tile,12x12,Ash Grey Wood,1,0,,images/achim/07c077_d5670a2dc33441cab25c34c3214ab3d1.jpg,Flooring,Tiles,Vinyl Tiles,Sterling 12x12,,
Vinyl Tiles,ACH-STERLING-TILE,STERLING 12x12 Self-Adhesive Vinyl Floor Tile,12x12,Rustic Slate,1,0,,images/achim/a5fda5_0d9dbcca1702488599826137ec297f57.jpg,Flooring,Tiles,Vinyl Tiles,Sterling 12x12,,
Vinyl Tiles,ACH-STERLING-TILE,STERLING 12x12 Self-Adhesive Vinyl Floor Tile,12x12,Carrera Marble,1,0,,images/achim/07c077_d2ca0a28c4a941909862c2a7600bb06d.jpg,Flooring,Tiles,Vinyl Tiles,Sterling 12x12,,
Vinyl Tiles,ACH-STERLING-PARQUET,STERLING Square Parquet 12x12 Self-Adhesive Vinyl Floor Tile,12x12,Square Parquet,1,0,,images/achim/07c077_79bd9f7456ae4a6c9d140a1c2d813fd3.jpg,Flooring,Tiles,Vinyl Tiles,Sterling Square Parquet,,
Vinyl Tiles,ACH-MAJESTIC-TILE,MAJESTIC 18x18 Self-Adhesive Vinyl Floor Tile,18x18,Light Gray Slate,1,0,,images/achim/07c077_ba147d84ad514c08a809a9aa8bf55ccd.jpg,Flooring,Tiles,Vinyl Tiles,Majestic 18x18,,
Vinyl Tiles,ACH-MAJESTIC-TILE,MAJESTIC 18x18 Self-Adhesive Vinyl Floor Tile,18x18,Verde Green Marble,1,0,,images/achim/07c077_c59630360ea842f19ef053bbcdf07564.jpg,Flooring,Tiles,Vinyl Tiles,Majestic 18x18,,
Vinyl Tiles,ACH-MAJESTIC-TILE,MAJESTIC 18x18 Self-Adhesive Vinyl Floor Tile,18x18,Rustic Copper Slate,1,0,,images/achim/07c077_70559ac54be14dc1b06ec4ebcf0c04bb.jpg,Flooring,Tiles,Vinyl Tiles,Majestic 18x18,,
Vinyl Tiles,ACH-MAJESTIC-TILE,MAJESTIC 18x18 Self-Adhesive Vinyl Floor Tile,18x18,Ghibli Beige Granite,1,0,,images/achim/07c077_6d03f435fda64b3cac14be199d4f59be.jpg,Flooring,Tiles,Vinyl Tiles,Majestic 18x18,,
Vinyl Tiles,ACH-FLOORGALORE-TILE,FLOOR GALORE 5.2x5.2 Self-Adhesive Vinyl Floor Tile,5.2x5.2,Sandstone Quartz,1,0,,images/achim/aa8ff3_ef7c04aff96b42be8b11ba36ca01dad7.jpg,Flooring,Tiles,Vinyl Tiles,Floor Galore 5.2x5.2,,
Vinyl Tiles,ACH-FLOORGALORE-TILE,FLOOR GALORE 5.2x5.2 Self-Adhesive Vinyl Floor Tile,5.2x5.2,Galaxy,1,0,,images/achim/aa8ff3_11993cb1fb7543a8881a7169e26989aa.jpg,Flooring,Tiles,Vinyl Tiles,Floor Galore 5.2x5.2,,
Vinyl Tiles,ACH-FLOORGALORE-TILE,FLOOR GALORE 5.2x5.2 Self-Adhesive Vinyl Floor Tile,5.2x5.2,Graphite,1,0,,images/achim/aa8ff3_d28983983d6949968103d5dd21dad79e.jpg,Flooring,Tiles,Vinyl Tiles,Floor Galore 5.2x5.2,,
Vinyl Tiles,ACH-ARABESQUE-TILE,ARABESQUE 12x12 Self-Adhesive Floor Tile,12x12,Arabesque,1,0,,images/achim/a5fda5_10de3157d22a439fb4989ac24e63d118.jpg,Flooring,Tiles,Vinyl Tiles,Arabesque 12x12,,
Deck Tiles,ACH-OUTDOORZ-DECK,OUTDOORZ Interlocking Wood Deck Tiles,12x12,Honey Oak,1,0,,images/achim/aa8ff3_6c446fb1ac5e4efab0da4e3a2af2a2ac.jpg,Flooring,Tiles,Deck Tiles,OutdoorZ Deck,,
Deck Tiles,ACH-OUTDOORZ-DECK,OUTDOORZ Interlocking Wood Deck Tiles,12x12,Royal Mahogany,1,0,,images/achim/aa8ff3_12622b0fc6ad4e87b4691cb6190085fc.jpg,Flooring,Tiles,Deck Tiles,OutdoorZ Deck,,
Foam Tiles,ACH-FOAM-TILE,Interlocking Foam 24x24 Anti-Fatigue Floor Tiles (4 tiles / 16 sq ft),24x24,Solid,4,0,,images/achim/aa8ff3_27dcfbc1e66744bebf0b3192ae691366.jpg,Flooring,Tiles,Foam Tiles,Interlocking Foam 24x24,,
Foam Tiles,ACH-FOAM-TILE,Interlocking Foam 24x24 Anti-Fatigue Floor Tiles (4 tiles / 16 sq ft),24x24,Pine,4,0,,images/achim/aa8ff3_4fc76ba117564aeebc6373455d75f53a.jpg,Flooring,Tiles,Foam Tiles,Interlocking Foam 24x24,,
Foam Tiles,ACH-FOAM-TILE,Interlocking Foam 24x24 Anti-Fatigue Floor Tiles (4 tiles / 16 sq ft),24x24,Ash,4,0,,images/achim/aa8ff3_f7900f8d26a94368ae662801229ffe47.jpg,Flooring,Tiles,Foam Tiles,Interlocking Foam 24x24,,
Vinyl Planks,ACH-STERLING-PLANK-2MM,STERLING 6x36 2.0mm Self-Adhesive Vinyl Floor Planks,6x36,Birchwood,1,0,,images/achim/07c077_a4d13af224714a2f91eaab944ab3f40b.jpg,Flooring,Planks,Vinyl Planks,Sterling 6x36 2.0mm,,
Vinyl Planks,ACH-STERLING-PLANK-2MM,STERLING 6x36 2.0mm Self-Adhesive Vinyl Floor Planks,6x36,Driftwood,1,0,,images/achim/07c077_9f2ad34ce4b1482ba726aa0c51dc0f3d.jpg,Flooring,Planks,Vinyl Planks,Sterling 6x36 2.0mm,,
Vinyl Planks,ACH-STERLING-PLANK-2MM,STERLING 6x36 2.0mm Self-Adhesive Vinyl Floor Planks,6x36,Rustic Grey,1,0,,images/achim/07c077_3855fa1671a3421d919ebe37761f663f.jpg,Flooring,Planks,Vinyl Planks,Sterling 6x36 2.0mm,,
Vinyl Planks,ACH-STERLING-PLANK-2MM,STERLING 6x36 2.0mm Self-Adhesive Vinyl Floor Planks,6x36,Silver Spruce,1,0,,images/achim/a5fda5_bd27a51c0a81485da5047ee518a03570.jpg,Flooring,Planks,Vinyl Planks,Sterling 6x36 2.0mm,,
Vinyl Planks,ACH-STERLING-PLANK-2MM,STERLING 6x36 2.0mm Self-Adhesive Vinyl Floor Planks,6x36,Medium Oak,1,0,,images/achim/07c077_30d0512462184d9b90ccd5ab6a82f4f0.jpg,Flooring,Planks,Vinyl Planks,Sterling 6x36 2.0mm,,
Vinyl Planks,ACH-STERLING-PLANK-12MM,STERLING 6x36 1.2mm Self-Adhesive Vinyl Floor Planks,6x36,Walnut,1,0,,images/achim/07c077_f683f184c0f24d42b8de7753e7ce5e54.jpg,Flooring,Planks,Vinyl Planks,Sterling 6x36 1.2mm,,
Vinyl Planks,ACH-STERLING-PLANK-12MM,STERLING 6x36 1.2mm Self-Adhesive Vinyl Floor Planks,6x36,Hickory,1,0,,images/achim/07c077_af982948407f4ff3941606a359160ddc.jpg,Flooring,Planks,Vinyl Planks,Sterling 6x36 1.2mm,,
Vinyl Planks,ACH-STERLING-PLANK-12MM,STERLING 6x36 1.2mm Self-Adhesive Vinyl Floor Planks,6x36,White Oak,1,0,,images/achim/07c077_827b6f1fd71748b38b6499d7dae25c95.jpg,Flooring,Planks,Vinyl Planks,Sterling 6x36 1.2mm,,
Vinyl Planks,ACH-STERLING-PLANK-12MM,STERLING 6x36 1.2mm Self-Adhesive Vinyl Floor Planks,6x36,Light Grey Oak,1,0,,images/achim/07c077_b0490a4fb1764c96a18ea597bf3d9a81.jpg,Flooring,Planks,Vinyl Planks,Sterling 6x36 1.2mm,,
Vinyl Planks,ACH-STERLING-PLANK-12MM,STERLING 6x36 1.2mm Self-Adhesive Vinyl Floor Planks,6x36,Saddle,1,0,,images/achim/07c077_3321115866df41dca5844ca4e643ba5e.jpg,Flooring,Planks,Vinyl Planks,Sterling 6x36 1.2mm,,
Vinyl Planks,ACH-FLEXFLOR-PLANK,FLEX FLOR Looselay Vinyl Plank 9x48,9x48,Dunes,1,0,,images/achim/07c077_7299f5af890c4d5eab5a4b4d6416d549.jpg,Flooring,Planks,Vinyl Planks,Flex Flor 9x48 Looselay,,
Vinyl Planks,ACH-FLEXFLOR-PLANK,FLEX FLOR Looselay Vinyl Plank 9x48,9x48,Smoke,1,0,,images/achim/07c077_dc3b2a389df44179aec0c0fd26b4e4da.jpg,Flooring,Planks,Vinyl Planks,Flex Flor 9x48 Looselay,,
Vinyl Planks,ACH-FLEXFLOR-PLANK,FLEX FLOR Looselay Vinyl Plank 9x48,9x48,Whitewash,1,0,,images/achim/07c077_fff7172965d94af9b8c1d59e7f833b1e.jpg,Flooring,Planks,Vinyl Planks,Flex Flor 9x48 Looselay,,
Vinyl Planks,ACH-FLEXFLOR-PLANK,FLEX FLOR Looselay Vinyl Plank 9x48,9x48,Ebony,1,0,,images/achim/07c077_a4f4b65f04bf423fbf69a4e6a79f0bc1.jpg,Flooring,Planks,Vinyl Planks,Flex Flor 9x48 Looselay,,
Vinyl Planks,ACH-FLEXFLOR-PLANK,FLEX FLOR Looselay Vinyl Plank 9x48,9x48,Gray,1,0,,images/achim/07c077_5ad1f9fd88764778b0f1c5d94e430a6e.jpg,Flooring,Planks,Vinyl Planks,Flex Flor 9x48 Looselay,,
Vinyl Planks,ACH-FLEXFLOR-PLANK,FLEX FLOR Looselay Vinyl Plank 9x48,9x48,Rustic Cherry,1,0,,images/achim/07c077_1fa6c94e16af42529d12ad054ba0e7cb.jpg,Flooring,Planks,Vinyl Planks,Flex Flor 9x48 Looselay,,
Vinyl Planks,ACH-FLEXFLOR-PLANK,FLEX FLOR Looselay Vinyl Plank 9x48,9x48,Aged Driftwood,1,0,,images/achim/07c077_2b6ccd307e554e92be36519eeb60e2e2.jpg,Flooring,Planks,Vinyl Planks,Flex Flor 9x48 Looselay,,
Rugs,ACH-CAPRI-RUG,"CAPRI 3-Piece Rug Set (5x7 rug, 22x59 runner, 22x31 mat)",3-Piece Set,Crosshatch Blue,1,0,,images/logo.png,Flooring,Rugs,Rugs,Capri 3-Piece Set,,
Rugs,ACH-CAPRI-RUG,"CAPRI 3-Piece Rug Set (5x7 rug, 22x59 runner, 22x31 mat)",3-Piece Set,Baylayage,1,0,,images/achim/aa8ff3_4947a01baf8741509d93ca0ac72dff83.jpg,Flooring,Rugs,Rugs,Capri 3-Piece Set,,
Rugs,ACH-CAPRI-RUG,"CAPRI 3-Piece Rug Set (5x7 rug, 22x59 runner, 22x31 mat)",3-Piece Set,Soliel,1,0,,images/achim/aa8ff3_65fb624c20b5462199342a03ca489557.jpg,Flooring,Rugs,Rugs,Capri 3-Piece Set,,
Rugs,ACH-CAPRI-RUG,"CAPRI 3-Piece Rug Set (5x7 rug, 22x59 runner, 22x31 mat)",3-Piece Set,Landon Blue,1,0,,images/achim/aa8ff3_0ee71d97919347bd8ade946a126d83d7.jpg,Flooring,Rugs,Rugs,Capri 3-Piece Set,,
Rugs,ACH-CAPRI-RUG,"CAPRI 3-Piece Rug Set (5x7 rug, 22x59 runner, 22x31 mat)",3-Piece Set,Landon Tan,1,0,,images/achim/aa8ff3_baffa67d98404039933b7176efc8a37d.jpg,Flooring,Rugs,Rugs,Capri 3-Piece Set,,
Rugs,ACH-CAPRI-RUG,"CAPRI 3-Piece Rug Set (5x7 rug, 22x59 runner, 22x31 mat)",3-Piece Set,Rizzy Blue,1,0,,images/achim/aa8ff3_cd26b484e74541fcb22419bee59d6a14.jpg,Flooring,Rugs,Rugs,Capri 3-Piece Set,,
Rugs,ACH-CAPRI-RUG,"CAPRI 3-Piece Rug Set (5x7 rug, 22x59 runner, 22x31 mat)",3-Piece Set,Rizzy Grey,1,0,,images/achim/aa8ff3_ac3bdbdb59454c47bd62cf994b64c3fc.jpg,Flooring,Rugs,Rugs,Capri 3-Piece Set,,
Mats,ACH-MAT-COIR,Printed Coir Door Mat 18x30,18x30,Cardinal,1,0,,images/achim/07c077_746511adf1464f359581da0418e49388.jpg,Flooring,Mats,Mats,Printed Coir 18x30,,
Mats,ACH-MAT-COIR,Printed Coir Door Mat 18x30,18x30,Winter Wonderland,1,0,,images/achim/07c077_9985bf5ee16448399621d2c6a12700f6.jpg,Flooring,Mats,Mats,Printed Coir 18x30,,
Mats,ACH-MAT-COIR,Printed Coir Door Mat 18x30,18x30,Snowflake,1,0,,images/achim/07c077_1fb0dfea1dae47589799e4eebd88ef17.jpg,Flooring,Mats,Mats,Printed Coir 18x30,,
Mats,ACH-MAT-COIR,Printed Coir Door Mat 18x30,18x30,Buffalo Check Fall,1,0,,images/achim/07c077_611531dcc1934fd790d75ec84fd43eb4.jpg,Flooring,Mats,Mats,Printed Coir 18x30,,
Mats,ACH-MAT-COIR,Printed Coir Door Mat 18x30,18x30,Welcome Pumpkins,1,0,,images/achim/07c077_149aa0eafd1643598e17b360201f52da.jpg,Flooring,Mats,Mats,Printed Coir 18x30,,
Mats,ACH-MAT-COIR,Printed Coir Door Mat 18x30,18x30,Autumn Foliage,1,0,,images/achim/07c077_21c1f1a0b26a4a4d8f448ac3742ba620.jpg,Flooring,Mats,Mats,Printed Coir 18x30,,
Mats,ACH-MAT-COIR,Printed Coir Door Mat 18x30,18x30,Happy Fall,1,0,,images/achim/07c077_ef921b4517d7488699ec969ceff3f17f.jpg,Flooring,Mats,Mats,Printed Coir 18x30,,
Mats,ACH-MAT-COIR,Printed Coir Door Mat 18x30,18x30,Dorothy,1,0,,images/achim/07c077_30e81b81be284cd59cecce28f19472e1.jpg,Flooring,Mats,Mats,Printed Coir 18x30,,
Mats,ACH-MAT-COIR,Printed Coir Door Mat 18x30,18x30,Ladybug,1,0,,images/achim/07c077_ab47bacdaddd45d3a7f4368ffe64470a.jpg,Flooring,Mats,Mats,Printed Coir 18x30,,
Mats,ACH-MAT-COIR,Printed Coir Door Mat 18x30,18x30,Leaves,1,0,,images/achim/07c077_a58a8279e27c4728b10837f3f0754932.jpg,Flooring,Mats,Mats,Printed Coir 18x30,,
Mats,ACH-MAT-COIR,Printed Coir Door Mat 18x30,18x30,Sweet Home,1,0,,images/achim/07c077_5079096318134a9db03f5d92452c412b.jpg,Flooring,Mats,Mats,Printed Coir 18x30,,
Mats,ACH-MAT-COIR,Printed Coir Door Mat 18x30,18x30,Go Away,1,0,,images/achim/07c077_40267ac03c3c4ef38a186ac49fdf9331.jpg,Flooring,Mats,Mats,Printed Coir 18x30,,
Mats,ACH-MAT-COIR,Printed Coir Door Mat 18x30,18x30,Home,1,0,,images/achim/07c077_e7cb20593cce4fe9b3815e1e9332b625.jpg,Flooring,Mats,Mats,Printed Coir 18x30,,
Mats,ACH-MAT-COIR,Printed Coir Door Mat 18x30,18x30,Prestige,1,0,,images/achim/07c077_8f25ac336a63418db36d71378faf4d7a.jpg,Flooring,Mats,Mats,Printed Coir 18x30,,
Mats,ACH-MAT-COIR,Printed Coir Door Mat 18x30,18x30,Welcome Aboard,1,0,,images/achim/07c077_eecae388591a404fa326cfbed9e0c541.jpg,Flooring,Mats,Mats,Printed Coir 18x30,,
Mats,ACH-MAT-RUBBER,Welcome Outdoor Rubber Entrance Mat 18x30,18x30,Quarry Stones,1,0,,images/achim/a5fda5_1343d30b3d3f49238cbad96923a9b368.jpg,Flooring,Mats,Mats,Welcome Rubber 18x30,,
Mats,ACH-MAT-RUBBER,Welcome Outdoor Rubber Entrance Mat 18x30,18x30,Colorful Plank,1,0,,images/achim/07c077_9a5e1d9906fb41549bbf3c2ce017f5ad.jpg,Flooring,Mats,Mats,Welcome Rubber 18x30,,
Mats,ACH-MAT-RUBBER,Welcome Outdoor Rubber Entrance Mat 18x30,18x30,Farmhouse Plank,1,0,,images/achim/07c077_26a690a33db14b3cbc48ec97211d4c6b.jpg,Flooring,Mats,Mats,Welcome Rubber 18x30,,
Mats,ACH-MAT-RUBBER,Welcome Outdoor Rubber Entrance Mat 18x30,18x30,Morning Call,1,0,,images/achim/07c077_bfb5eec7e6554f4f82e1ae9b556c5d19.jpg,Flooring,Mats,Mats,Welcome Rubber 18x30,,
Mats,ACH-MAT-RUBBER,Welcome Outdoor Rubber Entrance Mat 18x30,18x30,Sunflower Field,1,0,,images/achim/a5fda5_7489917099ac4324bc3e33eeeaeb170e.jpg,Flooring,Mats,Mats,Welcome Rubber 18x30,,
Mats,ACH-MAT-RUBBER,Welcome Outdoor Rubber Entrance Mat 18x30,18x30,Welcome Home,1,0,,images/achim/a5fda5_5ff796224c9d4b358f213c5eb99c9df4.jpg,Flooring,Mats,Mats,Welcome Rubber 18x30,,
Mats,ACH-MAT-RUBBER,Welcome Outdoor Rubber Entrance Mat 18x30,18x30,Welcome Stone,1,0,,images/achim/07c077_4678c02432274c47a28525d23fbc7dac.jpg,Flooring,Mats,Mats,Welcome Rubber 18x30,,
Mats,ACH-MAT-COCO,Coco Entrance Mat 18x30,18x30,Daisy,1,0,,images/achim/a5fda5_07baaf321eac462fa26cec1ec743e3ea.jpg,Flooring,Mats,Mats,Coco Entrance 18x30,,
Mats,ACH-MAT-COCO,Coco Entrance Mat 18x30,18x30,Scrolls,1,0,,images/achim/a5fda5_76ec644a9a644b74b5d6f75c2688197f.jpg,Flooring,Mats,Mats,Coco Entrance 18x30,,
Mats,ACH-MAT-COCO,Coco Entrance Mat 18x30,18x30,Vines,1,0,,images/achim/a5fda5_5b34c1ee54614a64a983439bb85e250c.jpg,Flooring,Mats,Mats,Coco Entrance 18x30,,
Mats,ACH-MAT-COCO,Coco Entrance Mat 18x30,18x30,Welcome Key,1,0,,images/achim/a5fda5_94bfe723115242ac8a2a396178460c6f.jpg,Flooring,Mats,Mats,Coco Entrance 18x30,,
Mats,ACH-MAT-COCO,Coco Entrance Mat 18x30,18x30,Flora,1,0,,images/achim/07c077_82c956cc1cdd4387acc2293ef15ba921.jpg,Flooring,Mats,Mats,Coco Entrance 18x30,,
Mats,ACH-MAT-COCO,Coco Entrance Mat 18x30,18x30,Harlequin,1,0,,images/achim/07c077_5f015215edbc42c492cb1176b7e1ae69.jpg,Flooring,Mats,Mats,Coco Entrance 18x30,,
Mats,ACH-MAT-COCO,Coco Entrance Mat 18x30,18x30,Milly,1,0,,images/achim/07c077_e8c8c01309b849c9890448b8c03f1ca6.jpg,Flooring,Mats,Mats,Coco Entrance 18x30,,
Mats,ACH-MAT-COCO,Coco Entrance Mat 18x30,18x30,Remi,1,0,,images/achim/07c077_9c979cc2805840058e93254a3d032adf.jpg,Flooring,Mats,Mats,Coco Entrance 18x30,,
Mats,ACH-MAT-COCO,Coco Entrance Mat 18x30,18x30,Sunrise,1,0,,images/achim/07c077_32646e7923bd4e848f2f22c1aa8e9b38.jpg,Flooring,Mats,Mats,Coco Entrance 18x30,,
Mats,ACH-MAT-WROUGHT,Wrought Iron Rubber Entrance Mat 18x30,18x30,Art Deco,1,0,,images/achim/07c077_703cc7e1c0b3479aa3791f14299a4e27.jpg,Flooring,Mats,Mats,Wrought Iron Rubber 18x30,,
Mats,ACH-MAT-WROUGHT,Wrought Iron Rubber Entrance Mat 18x30,18x30,Daisy,1,0,,images/achim/07c077_651b93b638344e5db582dfd98f0dc1d0.jpg,Flooring,Mats,Mats,Wrought Iron Rubber 18x30,,
Mats,ACH-MAT-WROUGHT,Wrought Iron Rubber Entrance Mat 18x30,18x30,Diamond,1,0,,images/achim/07c077_294e5ce5aca54ac7b38501f0dd5416ce.jpg,Flooring,Mats,Mats,Wrought Iron Rubber 18x30,,
Mats,ACH-MAT-WROUGHT,Wrought Iron Rubber Entrance Mat 18x30,18x30,Fleur De Lis,1,0,,images/achim/07c077_10d76772220b40bc8a995ae18083d6fe.jpg,Flooring,Mats,Mats,Wrought Iron Rubber 18x30,,
Mats,ACH-MAT-WROUGHT,Wrought Iron Rubber Entrance Mat 18x30,18x30,Fleur De Lis Slice,1,0,,images/achim/07c077_b312b383c439464589dbef08a029ed9e.jpg,Flooring,Mats,Mats,Wrought Iron Rubber 18x30,,
Mats,ACH-MAT-WROUGHT,Wrought Iron Rubber Entrance Mat 18x30,18x30,Ironworks,1,0,,images/achim/07c077_1cc1c2771f384c7db112ba806a756bb8.jpg,Flooring,Mats,Mats,Wrought Iron Rubber 18x30,,
Mats,ACH-MAT-WROUGHT,Wrought Iron Rubber Entrance Mat 18x30,18x30,Lattice,1,0,,images/achim/07c077_315caae59e894af2bdabbbecd481f240.jpg,Flooring,Mats,Mats,Wrought Iron Rubber 18x30,,
Mats,ACH-MAT-WROUGHT,Wrought Iron Rubber Entrance Mat 18x30,18x30,Tuscany,1,0,,images/achim/07c077_627dca7e62554718804aadfef4083375.jpg,Flooring,Mats,Mats,Wrought Iron Rubber 18x30,,
Mats,ACH-MAT-MEMORY-ELLE,Memory Foam Mat 17x24 Elle,17x24,Black,1,0,,images/achim/07c077_c4c9295298a242f180a90bdacad9fd74.jpg,Flooring,Mats,Mats,Memory Foam Elle 17x24,,
Mats,ACH-MAT-MEMORY-ELLE,Memory Foam Mat 17x24 Elle,17x24,Grey,1,0,,images/achim/07c077_b2cab62b6cb34ba484829a6967957f3a.jpg,Flooring,Mats,Mats,Memory Foam Elle 17x24,,
Mats,ACH-MAT-MEMORY-ELLE,Memory Foam Mat 17x24 Elle,17x24,Tan,1,0,,images/achim/07c077_0589b61bcc7c4b3f8ac3265c0ac3e62e.jpg,Flooring,Mats,Mats,Memory Foam Elle 17x24,,
Mats,ACH-MAT-MEMORY-ELLE,Memory Foam Mat 17x24 Elle,17x24,White,1,0,,images/achim/07c077_58ffb3ee539d4b2da5f765ad32af6f3e.jpg,Flooring,Mats,Mats,Memory Foam Elle 17x24,,
Mats,ACH-MAT-MEMORY-MADISON,Memory Foam Mat 17x24 Madison,17x24,Brown,1,0,,images/achim/07c077_73f96edee4a74e6bb124fb421659f943.jpg,Flooring,Mats,Mats,Memory Foam Madison 17x24,,
Mats,ACH-MAT-MEMORY-MADISON,Memory Foam Mat 17x24 Madison,17x24,Burgundy,1,0,,images/achim/07c077_b08173bcc2ed409780d610c52fd90d4b.jpg,Flooring,Mats,Mats,Memory Foam Madison 17x24,,
Mats,ACH-MAT-MEMORY-MADISON,Memory Foam Mat 17x24 Madison,17x24,Green,1,0,,images/achim/07c077_90d7b10cf38a4b97993362cc85721578.jpg,Flooring,Mats,Mats,Memory Foam Madison 17x24,,
Mats,ACH-MAT-MEMORY-MADISON,Memory Foam Mat 17x24 Madison,17x24,Navy,1,0,,images/achim/07c077_af3aa6a67ba44934a088e6b9c9952990.jpg,Flooring,Mats,Mats,Memory Foam Madison 17x24,,
Mats,ACH-MAT-FATIGUE-CLARKE,Anti-Fatigue Mat 18x30 Clarke,18x30,Black,1,0,,images/achim/07c077_33cf20eb93ac4bc8a3ca7dc4cf17ce50.jpg,Flooring,Mats,Mats,Anti-Fatigue Clarke 18x30,,
Mats,ACH-MAT-FATIGUE-CLARKE,Anti-Fatigue Mat 18x30 Clarke,18x30,Grey,1,0,,images/achim/07c077_1c9123d169334817847fe5ea5301f814.jpg,Flooring,Mats,Mats,Anti-Fatigue Clarke 18x30,,
Mats,ACH-MAT-FATIGUE-CLARKE,Anti-Fatigue Mat 18x30 Clarke,18x30,Navy,1,0,,images/achim/07c077_0ba169b629d64daa9ba471e47ccecd34.jpg,Flooring,Mats,Mats,Anti-Fatigue Clarke 18x30,,
Mats,ACH-MAT-FATIGUE-CLARKE,Anti-Fatigue Mat 18x30 Clarke,18x30,Tan,1,0,,images/achim/07c077_550c28257bc2411a8870f85dde13e359.jpg,Flooring,Mats,Mats,Anti-Fatigue Clarke 18x30,,
Mats,ACH-MAT-FATIGUE-PRINT,Anti-Fatigue Printed Kitchen Mat 18x30,18x30,Apple Orchard,1,0,,images/achim/07c077_de8b973bce974befb6077d30850a28c5.jpg,Flooring,Mats,Mats,Anti-Fatigue Printed 18x30,,
Mats,ACH-MAT-FATIGUE-PRINT,Anti-Fatigue Printed Kitchen Mat 18x30,18x30,Black Eyed Susan,1,0,,images/achim/07c077_de0105ea86fd47758d1b19f9254d5759.jpg,Flooring,Mats,Mats,Anti-Fatigue Printed 18x30,,
Mats,ACH-MAT-FATIGUE-PRINT,Anti-Fatigue Printed Kitchen Mat 18x30,18x30,Butterflies,1,0,,images/achim/07c077_fdaf471f851d453695ed52ae668d8683.jpg,Flooring,Mats,Mats,Anti-Fatigue Printed 18x30,,
Mats,ACH-MAT-FATIGUE-PRINT,Anti-Fatigue Printed Kitchen Mat 18x30,18x30,Coffee,1,0,,images/achim/07c077_28a18f034e2342d18caba868ab88e918.jpg,Flooring,Mats,Mats,Anti-Fatigue Printed 18x30,,
Mats,ACH-MAT-FATIGUE-PRINT,Anti-Fatigue Printed Kitchen Mat 18x30,18x30,Chateau,1,0,,images/achim/07c077_3d83fca250fe4948b6d944ab70f08203.jpg,Flooring,Mats,Mats,Anti-Fatigue Printed 18x30,,
Mats,ACH-MAT-FATIGUE-PRINT,Anti-Fatigue Printed Kitchen Mat 18x30,18x30,Coastal,1,0,,images/achim/07c077_662099da9d754859a6d3781e9628dcae.jpg,Flooring,Mats,Mats,Anti-Fatigue Printed 18x30,,
Mats,ACH-MAT-FATIGUE-PRINT,Anti-Fatigue Printed Kitchen Mat 18x30,18x30,Cucina,1,0,,images/achim/07c077_fc5db714bbc94db4b85fbd86b17baac0.jpg,Flooring,Mats,Mats,Anti-Fatigue Printed 18x30,,
Mats,ACH-MAT-FATIGUE-PRINT,Anti-Fatigue Printed Kitchen Mat 18x30,18x30,Modern Farmhouse Black,1,0,,images/achim/07c077_fba61c1184f34e89aceb0b027e4db6e5.jpg,Flooring,Mats,Mats,Anti-Fatigue Printed 18x30,,
Mats,ACH-MAT-FATIGUE-PRINT,Anti-Fatigue Printed Kitchen Mat 18x30,18x30,Modern Farmhouse Tan,1,0,,images/achim/07c077_8fc70730be434a16a60422cf0e1f04b7.jpg,Flooring,Mats,Mats,Anti-Fatigue Printed 18x30,,
Mats,ACH-MAT-FATIGUE-PRINT,Anti-Fatigue Printed Kitchen Mat 18x30,18x30,Fruity Tiles,1,0,,images/achim/07c077_ae906f5ff79147f984636df8640f24b6.jpg,Flooring,Mats,Mats,Anti-Fatigue Printed 18x30,,
Mats,ACH-MAT-FATIGUE-PRINT,Anti-Fatigue Printed Kitchen Mat 18x30,18x30,Golden Delicious,1,0,,images/achim/07c077_98c8b3caa33f4742a3f187fa720e13e7.jpg,Flooring,Mats,Mats,Anti-Fatigue Printed 18x30,,
Mats,ACH-MAT-FATIGUE-PRINT,Anti-Fatigue Printed Kitchen Mat 18x30,18x30,Home Sweet Home,1,0,,images/achim/07c077_444eb0793ce34e53aac68c0485ae6724.jpg,Flooring,Mats,Mats,Anti-Fatigue Printed 18x30,,
Mats,ACH-MAT-FATIGUE-PRINT,Anti-Fatigue Printed Kitchen Mat 18x30,18x30,Lemon Drop,1,0,,images/achim/07c077_a61d83f798c3446e923a71fe3160ee5a.jpg,Flooring,Mats,Mats,Anti-Fatigue Printed 18x30,,
Mats,ACH-MAT-FATIGUE-PRINT,Anti-Fatigue Printed Kitchen Mat 18x30,18x30,Mason Jars,1,0,,images/achim/07c077_91df0b6103594b5f816f8a25560f043a.jpg,Flooring,Mats,Mats,Anti-Fatigue Printed 18x30,,
Mats,ACH-MAT-FATIGUE-PRINT,Anti-Fatigue Printed Kitchen Mat 18x30,18x30,Precious,1,0,,images/achim/07c077_8a3009289da444a8911acdd15c5fb036.jpg,Flooring,Mats,Mats,Anti-Fatigue Printed 18x30,,
Mats,ACH-MAT-FATIGUE-PRINT,Anti-Fatigue Printed Kitchen Mat 18x30,18x30,Rooster,1,0,,images/achim/07c077_0959401684bd4c69a13fa7e34ec6da63.jpg,Flooring,Mats,Mats,Anti-Fatigue Printed 18x30,,
Mats,ACH-MAT-FATIGUE-PRINT,Anti-Fatigue Printed Kitchen Mat 18x30,18x30,Tuscany,1,0,,images/achim/07c077_05dc027a1a00430bafc3df7cb5d79682.jpg,Flooring,Mats,Mats,Anti-Fatigue Printed 18x30,,
Mats,ACH-MAT-FATIGUE-PRINT,Anti-Fatigue Printed Kitchen Mat 18x30,18x30,Boho,1,0,,images/achim/07c077_1109044d2b5b4d3db616d4bd91af7bd3.jpg,Flooring,Mats,Mats,Anti-Fatigue Printed 18x30,,
Mats,ACH-MAT-FATIGUE-PRINT,Anti-Fatigue Printed Kitchen Mat 18x30,18x30,Cozy Cafe,1,0,,images/achim/07c077_d36947537ac94802b53f7d017f4d4673.jpg,Flooring,Mats,Mats,Anti-Fatigue Printed 18x30,,
Mats,ACH-MAT-FATIGUE-PRINT,Anti-Fatigue Printed Kitchen Mat 18x30,18x30,Garden Blooms,1,0,,images/achim/07c077_2b8b7e2b4e694e6ab003a7e5cd959a66.jpg,Flooring,Mats,Mats,Anti-Fatigue Printed 18x30,,
Mats,ACH-MAT-FATIGUE-PRINT,Anti-Fatigue Printed Kitchen Mat 18x30,18x30,Buffalo Check,1,0,,images/achim/a5fda5_1ef305c3c45f42e08f779c7e9499b654.jpg,Flooring,Mats,Mats,Anti-Fatigue Printed 18x30,,
Mats,ACH-MAT-FATIGUE-ARLINGTON,Anti-Fatigue Mat 18x30 Arlington,18x30,Green,1,0,,images/achim/07c077_07dc8496386840d6878a00a102b95f2b.jpg,Flooring,Mats,Mats,Anti-Fatigue Arlington 18x30,,
Mats,ACH-MAT-FATIGUE-ARLINGTON,Anti-Fatigue Mat 18x30 Arlington,18x30,Grey,1,0,,images/achim/07c077_802f6778087842aca8262cf5d857821c.jpg,Flooring,Mats,Mats,Anti-Fatigue Arlington 18x30,,
Mats,ACH-MAT-FATIGUE-ARLINGTON,Anti-Fatigue Mat 18x30 Arlington,18x30,Tan,1,0,,images/achim/07c077_1c83514dc5e947248088e78a8c45825e.jpg,Flooring,Mats,Mats,Anti-Fatigue Arlington 18x30,,
Mats,ACH-MAT-FATIGUE-LLL,Anti-Fatigue Mat 18x30 Live Love Laugh,18x30,Burgundy,1,0,,images/achim/07c077_64c30813f0e7426599e168b45ee4b20f.jpg,Flooring,Mats,Mats,Anti-Fatigue Live Love Laugh,,
Mats,ACH-MAT-FATIGUE-LLL,Anti-Fatigue Mat 18x30 Live Love Laugh,18x30,Charcoal,1,0,,images/achim/07c077_477f8f3c58084575830631c75780c9b2.jpg,Flooring,Mats,Mats,Anti-Fatigue Live Love Laugh,,
Mats,ACH-MAT-FATIGUE-LLL,Anti-Fatigue Mat 18x30 Live Love Laugh,18x30,Grey,1,0,,images/achim/07c077_631ad8e45332440bbb8f503f7969705d.jpg,Flooring,Mats,Mats,Anti-Fatigue Live Love Laugh,,
Mats,ACH-MAT-LEATHER-1830,Woven-Embossed Faux-Leather Anti-Fatigue Mat 18x30,18x30,Black,1,0,,images/achim/07c077_3f95e1d7a45743eeb8ee2ef077ca0ae5.jpg,Flooring,Mats,Mats,Faux-Leather 18x30,,
Mats,ACH-MAT-LEATHER-1830,Woven-Embossed Faux-Leather Anti-Fatigue Mat 18x30,18x30,Espresso,1,0,,images/achim/07c077_aee53200c60b4337be8bd68ade3113f3.jpg,Flooring,Mats,Mats,Faux-Leather 18x30,,
Mats,ACH-MAT-LEATHER-1830,Woven-Embossed Faux-Leather Anti-Fatigue Mat 18x30,18x30,Grey,1,0,,images/achim/07c077_99e0760bf65f4e62ac979ac0ac3a91ee.jpg,Flooring,Mats,Mats,Faux-Leather 18x30,,
Mats,ACH-MAT-LEATHER-1830,Woven-Embossed Faux-Leather Anti-Fatigue Mat 18x30,18x30,Lava,1,0,,images/achim/07c077_a5ad3042de03419986e9aad23b551af0.jpg,Flooring,Mats,Mats,Faux-Leather 18x30,,
Mats,ACH-MAT-LEATHER-1830,Woven-Embossed Faux-Leather Anti-Fatigue Mat 18x30,18x30,Navy,1,0,,images/achim/07c077_c842e60e1f494db492d01f6b67fee0d0.jpg,Flooring,Mats,Mats,Faux-Leather 18x30,,
Mats,ACH-MAT-LEATHER-1830,Woven-Embossed Faux-Leather Anti-Fatigue Mat 18x30,18x30,Tan,1,0,,images/achim/07c077_ac7e5a0f25e341e2b2e35d5d6158afa2.jpg,Flooring,Mats,Mats,Faux-Leather 18x30,,
Mats,ACH-MAT-LEATHER-2039,Woven-Embossed Faux-Leather Anti-Fatigue Mat 20x39,20x39,Black,1,0,,images/achim/07c077_1241eb46c859404094006eac8dfa06e8.jpg,Flooring,Mats,Mats,Faux-Leather 20x39,,
Mats,ACH-MAT-LEATHER-2039,Woven-Embossed Faux-Leather Anti-Fatigue Mat 20x39,20x39,Espresso,1,0,,images/achim/07c077_0172c328e69f468fb78a839608f22cad.jpg,Flooring,Mats,Mats,Faux-Leather 20x39,,
Mats,ACH-MAT-LEATHER-2039,Woven-Embossed Faux-Leather Anti-Fatigue Mat 20x39,20x39,Grey,1,0,,images/achim/07c077_1217ea6217544a768611aaf3a8bfd5df.jpg,Flooring,Mats,Mats,Faux-Leather 20x39,,
Mats,ACH-MAT-LEATHER-2039,Woven-Embossed Faux-Leather Anti-Fatigue Mat 20x39,20x39,Lava,1,0,,images/achim/07c077_d0738dc58d0643ad81793e7f7ea2ef81.jpg,Flooring,Mats,Mats,Faux-Leather 20x39,,
Mats,ACH-MAT-LEATHER-2039,Woven-Embossed Faux-Leather Anti-Fatigue Mat 20x39,20x39,Navy,1,0,,images/achim/07c077_62f21d07204b4eaaaabcc88b7c65aff5.jpg,Flooring,Mats,Mats,Faux-Leather 20x39,,
Mats,ACH-MAT-LEATHER-2039,Woven-Embossed Faux-Leather Anti-Fatigue Mat 20x39,20x39,Tan,1,0,,images/achim/07c077_e1b9e980290e4a1a96b2ad0bc3ad226c.jpg,Flooring,Mats,Mats,Faux-Leather 20x39,,
Shades,ACH-SHADE-ROLLER-LF,VINYL Translucent Roller Shade #300PT,37-1/4x6,White,36,0,4.06,images/logo.png,Windows,Shades,Roller Shades,Vinyl Roller Translucent,,
Shades,ACH-SHADE-ROLLER-LF,VINYL Translucent Roller Shade #300PT,37-1/4x6,Ivory,36,0,4.06,images/logo.png,Windows,Shades,Roller Shades,Vinyl Roller Translucent,,
Shades,ACH-SHADE-ROLLER-LF,VINYL Translucent Roller Shade #300PT,37-1/4x6,Dark Brown,12,0,4.06,images/logo.png,Windows,Shades,Roller Shades,Vinyl Roller Translucent,,
Shades,ACH-SHADE-ROLLER-LF,VINYL Translucent Roller Shade #300PT,37-1/4x6,Black,12,0,4.06,images/logo.png,Windows,Shades,Roller Shades,Vinyl Roller Translucent,,
Shades,ACH-SHADE-ROLLER-LF,VINYL Translucent Roller Shade #300PT,37-1/4x6,Green,12,0,4.06,images/logo.png,Windows,Shades,Roller Shades,Vinyl Roller Translucent,,
Shades,ACH-SHADE-ROLLER-LF,VINYL Translucent Roller Shade #300PT,37-1/4x7,White,36,0,4.38,images/logo.png,Windows,Shades,Roller Shades,Vinyl Roller Translucent,,
Shades,ACH-SHADE-ROLLER-LF,VINYL Translucent Roller Shade #300PT,46-1/4x6,White,12,0,6.25,images/logo.png,Windows,Shades,Roller Shades,Vinyl Roller Translucent,,
Shades,ACH-SHADE-ROLLER-LF,VINYL Translucent Roller Shade #300PT,46-1/4x6,Ivory,12,0,6.25,images/logo.png,Windows,Shades,Roller Shades,Vinyl Roller Translucent,,
Shades,ACH-SHADE-ROLLER-LF,VINYL Translucent Roller Shade #300PT,46-1/4x6,Black,12,0,6.25,images/logo.png,Windows,Shades,Roller Shades,Vinyl Roller Translucent,,
Shades,ACH-SHADE-ROLLER-LF,VINYL Translucent Roller Shade #300PT,46-1/4x7,White,12,0,6.56,images/logo.png,Windows,Shades,Roller Shades,Vinyl Roller Translucent,,
Shades,ACH-SHADE-ROLLER-LF,VINYL Translucent Roller Shade #300PT,55-1/4x6,White,12,0,7.19,images/logo.png,Windows,Shades,Roller Shades,Vinyl Roller Translucent,,
Shades,ACH-SHADE-ROLLER-LF,VINYL Translucent Roller Shade #300PT,55-1/4x6,Ivory,12,0,7.19,images/logo.png,Windows,Shades,Roller Shades,Vinyl Roller Translucent,,
Shades,ACH-SHADE-ROLLER-LF,VINYL Translucent Roller Shade #300PT,55-1/4x6,Black,12,0,7.19,images/logo.png,Windows,Shades,Roller Shades,Vinyl Roller Translucent,,
Shades,ACH-SHADE-ROLLER-LF,VINYL Translucent Roller Shade #300PT,55-1/4x6,Dark Brown,12,0,7.19,images/logo.png,Windows,Shades,Roller Shades,Vinyl Roller Translucent,,
Shades,ACH-SHADE-ROLLER-LF,VINYL Translucent Roller Shade #300PT,55-1/4x7,White,12,0,7.81,images/logo.png,Windows,Shades,Roller Shades,Vinyl Roller Translucent,,
Shades,ACH-SHADE-ROLLER-LF,VINYL Translucent Roller Shade #300PT,73-1/4x6,Ivory,6,0,10.00,images/logo.png,Windows,Shades,Roller Shades,Vinyl Roller Translucent,,
Shades,ACH-SHADE-ROLLER-LF,VINYL Translucent Roller Shade #300PT,73-1/4x6,White,6,0,10.00,images/logo.png,Windows,Shades,Roller Shades,Vinyl Roller Translucent,,
Shades,ACH-SHADE-ROLLER-RD,VINYL Room Darkening Roller Shade #300PRD,37-1/4x6,Ivory,36,0,4.69,images/logo.png,Windows,Shades,Roller Shades,Vinyl Roller Room Darkening,,
Shades,ACH-SHADE-ROLLER-RD,VINYL Room Darkening Roller Shade #300PRD,37-1/4x6,White,36,0,4.69,images/logo.png,Windows,Shades,Roller Shades,Vinyl Roller Room Darkening,,
Shades,ACH-SHADE-ROLLER-RD,VINYL Room Darkening Roller Shade #300PRD,37-1/4x7,White,36,0,5.63,images/logo.png,Windows,Shades,Roller Shades,Vinyl Roller Room Darkening,,
Shades,ACH-SHADE-ROLLER-RD,VINYL Room Darkening Roller Shade #300PRD,46-1/4x6,Ivory,12,0,6.88,images/logo.png,Windows,Shades,Roller Shades,Vinyl Roller Room Darkening,,
Shades,ACH-SHADE-ROLLER-RD,VINYL Room Darkening Roller Shade #300PRD,46-1/4x6,White,12,0,6.88,images/logo.png,Windows,Shades,Roller Shades,Vinyl Roller Room Darkening,,
Shades,ACH-SHADE-ROLLER-RD,VINYL Room Darkening Roller Shade #300PRD,46-1/4x7,White,12,0,8.75,images/logo.png,Windows,Shades,Roller Shades,Vinyl Roller Room Darkening,,
Shades,ACH-SHADE-ROLLER-RD,VINYL Room Darkening Roller Shade #300PRD,55-1/4x6,White,12,0,8.13,images/logo.png,Windows,Shades,Roller Shades,Vinyl Roller Room Darkening,,
Shades,ACH-SHADE-ROLLER-RD,VINYL Room Darkening Roller Shade #300PRD,55-1/4x7,White,12,0,10.00,images/logo.png,Windows,Shades,Roller Shades,Vinyl Roller Room Darkening,,
Shades,ACH-SHADE-ROLLER-RD,VINYL Room Darkening Roller Shade #300PRD,73-1/4x6,White,6,0,11.88,images/logo.png,Windows,Shades,Roller Shades,Vinyl Roller Room Darkening,,
Shades,ACH-SHADE-BRKT-IN,Window Shade Inside Brackets #263 — 2 pairs,2 Pairs,,48,0,42.00,images/logo.png,Windows,Shades,Accessories,Inside Brackets,,
Shades,ACH-SHADE-BRKT-OUT,Window Shade Outside Brackets #55 — 2 pairs,2 Pairs,,48,0,42.00,images/logo.png,Windows,Shades,Accessories,Outside Brackets,,
Shades,ACH-SHADE-BRKT-ADJ,Window Shade Adjustable Brackets #163 — 2 pairs,2 Pairs,,48,0,42.00,images/logo.png,Windows,Shades,Accessories,Adjustable Brackets,,
Shades,ACH-SHADE-HONEYCOMB,CORDLESS Honeycomb Cellular Pleated Shade,23x64,White,6,0,28.06,images/achim/aa8ff3_90f9e4fb3136404b8d352f63484a755f.jpg,Windows,Shades,Cellular Shades,Honeycomb Cellular,,
Shades,ACH-SHADE-HONEYCOMB,CORDLESS Honeycomb Cellular Pleated Shade,23x64,Alabaster,6,0,28.06,images/achim/aa8ff3_90f9e4fb3136404b8d352f63484a755f.jpg,Windows,Shades,Cellular Shades,Honeycomb Cellular,,
Shades,ACH-SHADE-HONEYCOMB,CORDLESS Honeycomb Cellular Pleated Shade,27x64,White,6,0,32.75,images/achim/aa8ff3_90f9e4fb3136404b8d352f63484a755f.jpg,Windows,Shades,Cellular Shades,Honeycomb Cellular,,
Shades,ACH-SHADE-HONEYCOMB,CORDLESS Honeycomb Cellular Pleated Shade,27x64,Alabaster,6,0,32.75,images/achim/aa8ff3_90f9e4fb3136404b8d352f63484a755f.jpg,Windows,Shades,Cellular Shades,Honeycomb Cellular,,
Shades,ACH-SHADE-HONEYCOMB,CORDLESS Honeycomb Cellular Pleated Shade,29x64,White,6,0,35.13,images/achim/aa8ff3_90f9e4fb3136404b8d352f63484a755f.jpg,Windows,Shades,Cellular Shades,Honeycomb Cellular,,
Shades,ACH-SHADE-HONEYCOMB,CORDLESS Honeycomb Cellular Pleated Shade,29x64,Alabaster,6,0,35.13,images/achim/aa8ff3_90f9e4fb3136404b8d352f63484a755f.jpg,Windows,Shades,Cellular Shades,Honeycomb Cellular,,
Shades,ACH-SHADE-HONEYCOMB,CORDLESS Honeycomb Cellular Pleated Shade,30x64,White,6,0,36.00,images/achim/aa8ff3_90f9e4fb3136404b8d352f63484a755f.jpg,Windows,Shades,Cellular Shades,Honeycomb Cellular,,
Shades,ACH-SHADE-HONEYCOMB,CORDLESS Honeycomb Cellular Pleated Shade,30x64,Alabaster,6,0,36.00,images/achim/aa8ff3_90f9e4fb3136404b8d352f63484a755f.jpg,Windows,Shades,Cellular Shades,Honeycomb Cellular,,
Shades,ACH-SHADE-HONEYCOMB,CORDLESS Honeycomb Cellular Pleated Shade,31x64,White,6,0,37.50,images/achim/aa8ff3_90f9e4fb3136404b8d352f63484a755f.jpg,Windows,Shades,Cellular Shades,Honeycomb Cellular,,
Shades,ACH-SHADE-HONEYCOMB,CORDLESS Honeycomb Cellular Pleated Shade,31x64,Alabaster,6,0,37.50,images/achim/aa8ff3_90f9e4fb3136404b8d352f63484a755f.jpg,Windows,Shades,Cellular Shades,Honeycomb Cellular,,
Shades,ACH-SHADE-HONEYCOMB,CORDLESS Honeycomb Cellular Pleated Shade,33x64,White,6,0,39.88,images/achim/aa8ff3_90f9e4fb3136404b8d352f63484a755f.jpg,Windows,Shades,Cellular Shades,Honeycomb Cellular,,
Shades,ACH-SHADE-HONEYCOMB,CORDLESS Honeycomb Cellular Pleated Shade,33x64,Alabaster,6,0,39.88,images/achim/aa8ff3_90f9e4fb3136404b8d352f63484a755f.jpg,Windows,Shades,Cellular Shades,Honeycomb Cellular,,
Shades,ACH-SHADE-HONEYCOMB,CORDLESS Honeycomb Cellular Pleated Shade,34x64,White,6,0,41.06,images/achim/aa8ff3_90f9e4fb3136404b8d352f63484a755f.jpg,Windows,Shades,Cellular Shades,Honeycomb Cellular,,
Shades,ACH-SHADE-HONEYCOMB,CORDLESS Honeycomb Cellular Pleated Shade,34x64,Alabaster,6,0,41.06,images/achim/aa8ff3_90f9e4fb3136404b8d352f63484a755f.jpg,Windows,Shades,Cellular Shades,Honeycomb Cellular,,
Shades,ACH-SHADE-HONEYCOMB,CORDLESS Honeycomb Cellular Pleated Shade,35x64,White,6,0,42.25,images/achim/aa8ff3_90f9e4fb3136404b8d352f63484a755f.jpg,Windows,Shades,Cellular Shades,Honeycomb Cellular,,
Shades,ACH-SHADE-HONEYCOMB,CORDLESS Honeycomb Cellular Pleated Shade,35x64,Alabaster,6,0,42.25,images/achim/aa8ff3_90f9e4fb3136404b8d352f63484a755f.jpg,Windows,Shades,Cellular Shades,Honeycomb Cellular,,
Shades,ACH-SHADE-HONEYCOMB,CORDLESS Honeycomb Cellular Pleated Shade,36x64,White,6,0,43.50,images/achim/aa8ff3_90f9e4fb3136404b8d352f63484a755f.jpg,Windows,Shades,Cellular Shades,Honeycomb Cellular,,
Shades,ACH-SHADE-HONEYCOMB,CORDLESS Honeycomb Cellular Pleated Shade,36x64,Alabaster,6,0,43.50,images/achim/aa8ff3_90f9e4fb3136404b8d352f63484a755f.jpg,Windows,Shades,Cellular Shades,Honeycomb Cellular,,
Shades,ACH-SHADE-HONEYCOMB,CORDLESS Honeycomb Cellular Pleated Shade,39x64,White,4,0,47.00,images/achim/aa8ff3_90f9e4fb3136404b8d352f63484a755f.jpg,Windows,Shades,Cellular Shades,Honeycomb Cellular,,
Shades,ACH-SHADE-HONEYCOMB,CORDLESS Honeycomb Cellular Pleated Shade,39x64,Alabaster,4,0,47.00,images/achim/aa8ff3_90f9e4fb3136404b8d352f63484a755f.jpg,Windows,Shades,Cellular Shades,Honeycomb Cellular,,
Shades,ACH-SHADE-HONEYCOMB,CORDLESS Honeycomb Cellular Pleated Shade,45x64,White,4,0,54.06,images/achim/aa8ff3_90f9e4fb3136404b8d352f63484a755f.jpg,Windows,Shades,Cellular Shades,Honeycomb Cellular,,
Shades,ACH-SHADE-HONEYCOMB,CORDLESS Honeycomb Cellular Pleated Shade,45x64,Alabaster,4,0,54.06,images/achim/aa8ff3_90f9e4fb3136404b8d352f63484a755f.jpg,Windows,Shades,Cellular Shades,Honeycomb Cellular,,
Shades,ACH-SHADE-TDBU-CELL,CORDLESS Top-Down Bottom-Up Honeycomb Cellular Shade,23x64,Wheat,6,0,30.88,images/achim/a5fda5_6cd5d3d4e1c04dc9b444eb6a573d2897.jpg,Windows,Shades,Cellular Shades,TDBU Honeycomb,,
Shades,ACH-SHADE-TDBU-CELL,CORDLESS Top-Down Bottom-Up Honeycomb Cellular Shade,23x64,Dove Grey,6,0,30.88,images/achim/a5fda5_6cd5d3d4e1c04dc9b444eb6a573d2897.jpg,Windows,Shades,Cellular Shades,TDBU Honeycomb,,
Shades,ACH-SHADE-TDBU-CELL,CORDLESS Top-Down Bottom-Up Honeycomb Cellular Shade,23x64,White,6,0,30.88,images/achim/a5fda5_6cd5d3d4e1c04dc9b444eb6a573d2897.jpg,Windows,Shades,Cellular Shades,TDBU Honeycomb,,
Shades,ACH-SHADE-TDBU-CELL,CORDLESS Top-Down Bottom-Up Honeycomb Cellular Shade,23x64,Alabaster,6,0,30.88,images/achim/a5fda5_6cd5d3d4e1c04dc9b444eb6a573d2897.jpg,Windows,Shades,Cellular Shades,TDBU Honeycomb,,
Shades,ACH-SHADE-TDBU-CELL,CORDLESS Top-Down Bottom-Up Honeycomb Cellular Shade,27x64,Wheat,6,0,36.00,images/achim/a5fda5_6cd5d3d4e1c04dc9b444eb6a573d2897.jpg,Windows,Shades,Cellular Shades,TDBU Honeycomb,,
Shades,ACH-SHADE-TDBU-CELL,CORDLESS Top-Down Bottom-Up Honeycomb Cellular Shade,27x64,Dove Grey,6,0,36.00,images/achim/a5fda5_6cd5d3d4e1c04dc9b444eb6a573d2897.jpg,Windows,Shades,Cellular Shades,TDBU Honeycomb,,
Shades,ACH-SHADE-TDBU-CELL,CORDLESS Top-Down Bottom-Up Honeycomb Cellular Shade,27x64,White,6,0,36.00,images/achim/a5fda5_6cd5d3d4e1c04dc9b444eb6a573d2897.jpg,Windows,Shades,Cellular Shades,TDBU Honeycomb,,
Shades,ACH-SHADE-TDBU-CELL,CORDLESS Top-Down Bottom-Up Honeycomb Cellular Shade,27x64,Alabaster,6,0,36.00,images/achim/a5fda5_6cd5d3d4e1c04dc9b444eb6a573d2897.jpg,Windows,Shades,Cellular Shades,TDBU Honeycomb,,
Shades,ACH-SHADE-TDBU-CELL,CORDLESS Top-Down Bottom-Up Honeycomb Cellular Shade,29x64,Wheat,6,0,38.63,images/achim/a5fda5_6cd5d3d4e1c04dc9b444eb6a573d2897.jpg,Windows,Shades,Cellular Shades,TDBU Honeycomb,,
Shades,ACH-SHADE-TDBU-CELL,CORDLESS Top-Down Bottom-Up Honeycomb Cellular Shade,29x64,Dove Grey,6,0,38.63,images/achim/a5fda5_6cd5d3d4e1c04dc9b444eb6a573d2897.jpg,Windows,Shades,Cellular Shades,TDBU Honeycomb,,
Shades,ACH-SHADE-TDBU-CELL,CORDLESS Top-Down Bottom-Up Honeycomb Cellular Shade,29x64,White,6,0,38.63,images/achim/a5fda5_6cd5d3d4e1c04dc9b444eb6a573d2897.jpg,Windows,Shades,Cellular Shades,TDBU Honeycomb,,
Shades,ACH-SHADE-TDBU-CELL,CORDLESS Top-Down Bottom-Up Honeycomb Cellular Shade,29x64,Alabaster,6,0,38.63,images/achim/a5fda5_6cd5d3d4e1c04dc9b444eb6a573d2897.jpg,Windows,Shades,Cellular Shades,TDBU Honeycomb,,
Shades,ACH-SHADE-TDBU-CELL,CORDLESS Top-Down Bottom-Up Honeycomb Cellular Shade,30x64,Wheat,6,0,39.63,images/achim/a5fda5_6cd5d3d4e1c04dc9b444eb6a573d2897.jpg,Windows,Shades,Cellular Shades,TDBU Honeycomb,,
Shades,ACH-SHADE-TDBU-CELL,CORDLESS Top-Down Bottom-Up Honeycomb Cellular Shade,30x64,Dove Grey,6,0,39.63,images/achim/a5fda5_6cd5d3d4e1c04dc9b444eb6a573d2897.jpg,Windows,Shades,Cellular Shades,TDBU Honeycomb,,
Shades,ACH-SHADE-TDBU-CELL,CORDLESS Top-Down Bottom-Up Honeycomb Cellular Shade,30x64,White,6,0,39.63,images/achim/a5fda5_6cd5d3d4e1c04dc9b444eb6a573d2897.jpg,Windows,Shades,Cellular Shades,TDBU Honeycomb,,
Shades,ACH-SHADE-TDBU-CELL,CORDLESS Top-Down Bottom-Up Honeycomb Cellular Shade,30x64,Alabaster,6,0,39.63,images/achim/a5fda5_6cd5d3d4e1c04dc9b444eb6a573d2897.jpg,Windows,Shades,Cellular Shades,TDBU Honeycomb,,
Shades,ACH-SHADE-TDBU-CELL,CORDLESS Top-Down Bottom-Up Honeycomb Cellular Shade,31x64,Wheat,6,0,41.25,images/achim/a5fda5_6cd5d3d4e1c04dc9b444eb6a573d2897.jpg,Windows,Shades,Cellular Shades,TDBU Honeycomb,,
Shades,ACH-SHADE-TDBU-CELL,CORDLESS Top-Down Bottom-Up Honeycomb Cellular Shade,31x64,Dove Grey,6,0,41.25,images/achim/a5fda5_6cd5d3d4e1c04dc9b444eb6a573d2897.jpg,Windows,Shades,Cellular Shades,TDBU Honeycomb,,
Shades,ACH-SHADE-TDBU-CELL,CORDLESS Top-Down Bottom-Up Honeycomb Cellular Shade,31x64,White,6,0,41.25,images/achim/a5fda5_6cd5d3d4e1c04dc9b444eb6a573d2897.jpg,Windows,Shades,Cellular Shades,TDBU Honeycomb,,
Shades,ACH-SHADE-TDBU-CELL,CORDLESS Top-Down Bottom-Up Honeycomb Cellular Shade,31x64,Alabaster,6,0,41.25,images/achim/a5fda5_6cd5d3d4e1c04dc9b444eb6a573d2897.jpg,Windows,Shades,Cellular Shades,TDBU Honeycomb,,
Shades,ACH-SHADE-TDBU-CELL,CORDLESS Top-Down Bottom-Up Honeycomb Cellular Shade,33x64,Wheat,6,0,43.88,images/achim/a5fda5_6cd5d3d4e1c04dc9b444eb6a573d2897.jpg,Windows,Shades,Cellular Shades,TDBU Honeycomb,,
Shades,ACH-SHADE-TDBU-CELL,CORDLESS Top-Down Bottom-Up Honeycomb Cellular Shade,33x64,Dove Grey,6,0,43.88,images/achim/a5fda5_6cd5d3d4e1c04dc9b444eb6a573d2897.jpg,Windows,Shades,Cellular Shades,TDBU Honeycomb,,
Shades,ACH-SHADE-TDBU-CELL,CORDLESS Top-Down Bottom-Up Honeycomb Cellular Shade,33x64,White,6,0,43.88,images/achim/a5fda5_6cd5d3d4e1c04dc9b444eb6a573d2897.jpg,Windows,Shades,Cellular Shades,TDBU Honeycomb,,
Shades,ACH-SHADE-TDBU-CELL,CORDLESS Top-Down Bottom-Up Honeycomb Cellular Shade,33x64,Alabaster,6,0,43.88,images/achim/a5fda5_6cd5d3d4e1c04dc9b444eb6a573d2897.jpg,Windows,Shades,Cellular Shades,TDBU Honeycomb,,
Shades,ACH-SHADE-TDBU-CELL,CORDLESS Top-Down Bottom-Up Honeycomb Cellular Shade,35x64,Wheat,6,0,46.44,images/achim/a5fda5_6cd5d3d4e1c04dc9b444eb6a573d2897.jpg,Windows,Shades,Cellular Shades,TDBU Honeycomb,,
Shades,ACH-SHADE-TDBU-CELL,CORDLESS Top-Down Bottom-Up Honeycomb Cellular Shade,35x64,Dove Grey,6,0,46.44,images/achim/a5fda5_6cd5d3d4e1c04dc9b444eb6a573d2897.jpg,Windows,Shades,Cellular Shades,TDBU Honeycomb,,
Shades,ACH-SHADE-TDBU-CELL,CORDLESS Top-Down Bottom-Up Honeycomb Cellular Shade,35x64,White,6,0,46.44,images/achim/a5fda5_6cd5d3d4e1c04dc9b444eb6a573d2897.jpg,Windows,Shades,Cellular Shades,TDBU Honeycomb,,
Shades,ACH-SHADE-TDBU-CELL,CORDLESS Top-Down Bottom-Up Honeycomb Cellular Shade,35x64,Alabaster,6,0,46.44,images/achim/a5fda5_6cd5d3d4e1c04dc9b444eb6a573d2897.jpg,Windows,Shades,Cellular Shades,TDBU Honeycomb,,
Shades,ACH-SHADE-TDBU-CELL,CORDLESS Top-Down Bottom-Up Honeycomb Cellular Shade,36x64,Wheat,6,0,47.81,images/achim/a5fda5_6cd5d3d4e1c04dc9b444eb6a573d2897.jpg,Windows,Shades,Cellular Shades,TDBU Honeycomb,,
Shades,ACH-SHADE-TDBU-CELL,CORDLESS Top-Down Bottom-Up Honeycomb Cellular Shade,36x64,Dove Grey,6,0,47.81,images/achim/a5fda5_6cd5d3d4e1c04dc9b444eb6a573d2897.jpg,Windows,Shades,Cellular Shades,TDBU Honeycomb,,
Shades,ACH-SHADE-TDBU-CELL,CORDLESS Top-Down Bottom-Up Honeycomb Cellular Shade,36x64,White,6,0,47.81,images/achim/a5fda5_6cd5d3d4e1c04dc9b444eb6a573d2897.jpg,Windows,Shades,Cellular Shades,TDBU Honeycomb,,
Shades,ACH-SHADE-TDBU-CELL,CORDLESS Top-Down Bottom-Up Honeycomb Cellular Shade,36x64,Alabaster,6,0,47.81,images/achim/a5fda5_6cd5d3d4e1c04dc9b444eb6a573d2897.jpg,Windows,Shades,Cellular Shades,TDBU Honeycomb,,
Shades,ACH-SHADE-TDBU-CELL,CORDLESS Top-Down Bottom-Up Honeycomb Cellular Shade,39x64,Wheat,6,0,51.69,images/achim/a5fda5_6cd5d3d4e1c04dc9b444eb6a573d2897.jpg,Windows,Shades,Cellular Shades,TDBU Honeycomb,,
Shades,ACH-SHADE-TDBU-CELL,CORDLESS Top-Down Bottom-Up Honeycomb Cellular Shade,39x64,Dove Grey,6,0,51.69,images/achim/a5fda5_6cd5d3d4e1c04dc9b444eb6a573d2897.jpg,Windows,Shades,Cellular Shades,TDBU Honeycomb,,
Shades,ACH-SHADE-TDBU-CELL,CORDLESS Top-Down Bottom-Up Honeycomb Cellular Shade,39x64,White,6,0,51.69,images/achim/a5fda5_6cd5d3d4e1c04dc9b444eb6a573d2897.jpg,Windows,Shades,Cellular Shades,TDBU Honeycomb,,
Shades,ACH-SHADE-TDBU-CELL,CORDLESS Top-Down Bottom-Up Honeycomb Cellular Shade,39x64,Alabaster,6,0,51.69,images/achim/a5fda5_6cd5d3d4e1c04dc9b444eb6a573d2897.jpg,Windows,Shades,Cellular Shades,TDBU Honeycomb,,
Shades,ACH-SHADE-CELESTIAL,CORDLESS Celestial Light-Filtering Double Layer Shade,23x72,Grey,2,0,35.81,images/achim/aa8ff3_ae281921ef1d440fb9ef0022ecee55c5.jpg,Windows,Shades,Roller Shades,Celestial Double Layer,,
Shades,ACH-SHADE-CELESTIAL,CORDLESS Celestial Light-Filtering Double Layer Shade,23x72,Linen,2,0,35.81,images/achim/aa8ff3_ae281921ef1d440fb9ef0022ecee55c5.jpg,Windows,Shades,Roller Shades,Celestial Double Layer,,
Shades,ACH-SHADE-CELESTIAL,CORDLESS Celestial Light-Filtering Double Layer Shade,23x72,White,2,0,35.81,images/achim/aa8ff3_ae281921ef1d440fb9ef0022ecee55c5.jpg,Windows,Shades,Roller Shades,Celestial Double Layer,,
Shades,ACH-SHADE-CELESTIAL,CORDLESS Celestial Light-Filtering Double Layer Shade,27x72,Grey,2,0,39.00,images/achim/aa8ff3_ae281921ef1d440fb9ef0022ecee55c5.jpg,Windows,Shades,Roller Shades,Celestial Double Layer,,
Shades,ACH-SHADE-CELESTIAL,CORDLESS Celestial Light-Filtering Double Layer Shade,27x72,Linen,2,0,39.00,images/achim/aa8ff3_ae281921ef1d440fb9ef0022ecee55c5.jpg,Windows,Shades,Roller Shades,Celestial Double Layer,,
Shades,ACH-SHADE-CELESTIAL,CORDLESS Celestial Light-Filtering Double Layer Shade,27x72,White,2,0,39.00,images/achim/aa8ff3_ae281921ef1d440fb9ef0022ecee55c5.jpg,Windows,Shades,Roller Shades,Celestial Double Layer,,
Shades,ACH-SHADE-CELESTIAL,CORDLESS Celestial Light-Filtering Double Layer Shade,29x72,Grey,2,0,42.44,images/achim/aa8ff3_ae281921ef1d440fb9ef0022ecee55c5.jpg,Windows,Shades,Roller Shades,Celestial Double Layer,,
Shades,ACH-SHADE-CELESTIAL,CORDLESS Celestial Light-Filtering Double Layer Shade,29x72,Linen,2,0,42.44,images/achim/aa8ff3_ae281921ef1d440fb9ef0022ecee55c5.jpg,Windows,Shades,Roller Shades,Celestial Double Layer,,
Shades,ACH-SHADE-CELESTIAL,CORDLESS Celestial Light-Filtering Double Layer Shade,29x72,White,2,0,42.44,images/achim/aa8ff3_ae281921ef1d440fb9ef0022ecee55c5.jpg,Windows,Shades,Roller Shades,Celestial Double Layer,,
Shades,ACH-SHADE-CELESTIAL,CORDLESS Celestial Light-Filtering Double Layer Shade,30x72,Grey,2,0,42.88,images/achim/aa8ff3_ae281921ef1d440fb9ef0022ecee55c5.jpg,Windows,Shades,Roller Shades,Celestial Double Layer,,
Shades,ACH-SHADE-CELESTIAL,CORDLESS Celestial Light-Filtering Double Layer Shade,30x72,Linen,2,0,42.88,images/achim/aa8ff3_ae281921ef1d440fb9ef0022ecee55c5.jpg,Windows,Shades,Roller Shades,Celestial Double Layer,,
Shades,ACH-SHADE-CELESTIAL,CORDLESS Celestial Light-Filtering Double Layer Shade,30x72,White,2,0,42.88,images/achim/aa8ff3_ae281921ef1d440fb9ef0022ecee55c5.jpg,Windows,Shades,Roller Shades,Celestial Double Layer,,
Shades,ACH-SHADE-CELESTIAL,CORDLESS Celestial Light-Filtering Double Layer Shade,31x72,Grey,2,0,43.31,images/achim/aa8ff3_ae281921ef1d440fb9ef0022ecee55c5.jpg,Windows,Shades,Roller Shades,Celestial Double Layer,,
Shades,ACH-SHADE-CELESTIAL,CORDLESS Celestial Light-Filtering Double Layer Shade,31x72,Linen,2,0,43.31,images/achim/aa8ff3_ae281921ef1d440fb9ef0022ecee55c5.jpg,Windows,Shades,Roller Shades,Celestial Double Layer,,
Shades,ACH-SHADE-CELESTIAL,CORDLESS Celestial Light-Filtering Double Layer Shade,31x72,White,2,0,43.31,images/achim/aa8ff3_ae281921ef1d440fb9ef0022ecee55c5.jpg,Windows,Shades,Roller Shades,Celestial Double Layer,,
Shades,ACH-SHADE-CELESTIAL,CORDLESS Celestial Light-Filtering Double Layer Shade,32x72,Grey,2,0,44.69,images/achim/aa8ff3_ae281921ef1d440fb9ef0022ecee55c5.jpg,Windows,Shades,Roller Shades,Celestial Double Layer,,
Shades,ACH-SHADE-CELESTIAL,CORDLESS Celestial Light-Filtering Double Layer Shade,32x72,Linen,2,0,44.69,images/achim/aa8ff3_ae281921ef1d440fb9ef0022ecee55c5.jpg,Windows,Shades,Roller Shades,Celestial Double Layer,,
Shades,ACH-SHADE-CELESTIAL,CORDLESS Celestial Light-Filtering Double Layer Shade,32x72,White,2,0,44.69,images/achim/aa8ff3_ae281921ef1d440fb9ef0022ecee55c5.jpg,Windows,Shades,Roller Shades,Celestial Double Layer,,
Shades,ACH-SHADE-CELESTIAL,CORDLESS Celestial Light-Filtering Double Layer Shade,33x72,Grey,2,0,46.06,images/achim/aa8ff3_ae281921ef1d440fb9ef0022ecee55c5.jpg,Windows,Shades,Roller Shades,Celestial Double Layer,,
Shades,ACH-SHADE-CELESTIAL,CORDLESS Celestial Light-Filtering Double Layer Shade,33x72,Linen,2,0,46.06,images/achim/aa8ff3_ae281921ef1d440fb9ef0022ecee55c5.jpg,Windows,Shades,Roller Shades,Celestial Double Layer,,
Shades,ACH-SHADE-CELESTIAL,CORDLESS Celestial Light-Filtering Double Layer Shade,33x72,White,2,0,46.06,images/achim/aa8ff3_ae281921ef1d440fb9ef0022ecee55c5.jpg,Windows,Shades,Roller Shades,Celestial Double Layer,,
Shades,ACH-SHADE-CELESTIAL,CORDLESS Celestial Light-Filtering Double Layer Shade,34x72,Grey,2,0,47.38,images/achim/aa8ff3_ae281921ef1d440fb9ef0022ecee55c5.jpg,Windows,Shades,Roller Shades,Celestial Double Layer,,
Shades,ACH-SHADE-CELESTIAL,CORDLESS Celestial Light-Filtering Double Layer Shade,34x72,Linen,2,0,47.38,images/achim/aa8ff3_ae281921ef1d440fb9ef0022ecee55c5.jpg,Windows,Shades,Roller Shades,Celestial Double Layer,,
Shades,ACH-SHADE-CELESTIAL,CORDLESS Celestial Light-Filtering Double Layer Shade,34x72,White,2,0,47.38,images/achim/aa8ff3_ae281921ef1d440fb9ef0022ecee55c5.jpg,Windows,Shades,Roller Shades,Celestial Double Layer,,
Shades,ACH-SHADE-CELESTIAL,CORDLESS Celestial Light-Filtering Double Layer Shade,35x72,Grey,2,0,48.75,images/achim/aa8ff3_ae281921ef1d440fb9ef0022ecee55c5.jpg,Windows,Shades,Roller Shades,Celestial Double Layer,,
Shades,ACH-SHADE-CELESTIAL,CORDLESS Celestial Light-Filtering Double Layer Shade,35x72,Linen,2,0,48.75,images/achim/aa8ff3_ae281921ef1d440fb9ef0022ecee55c5.jpg,Windows,Shades,Roller Shades,Celestial Double Layer,,
Shades,ACH-SHADE-CELESTIAL,CORDLESS Celestial Light-Filtering Double Layer Shade,35x72,White,2,0,48.75,images/achim/aa8ff3_ae281921ef1d440fb9ef0022ecee55c5.jpg,Windows,Shades,Roller Shades,Celestial Double Layer,,
Shades,ACH-SHADE-CELESTIAL,CORDLESS Celestial Light-Filtering Double Layer Shade,36x72,Grey,2,0,50.06,images/achim/aa8ff3_ae281921ef1d440fb9ef0022ecee55c5.jpg,Windows,Shades,Roller Shades,Celestial Double Layer,,
Shades,ACH-SHADE-CELESTIAL,CORDLESS Celestial Light-Filtering Double Layer Shade,36x72,Linen,2,0,50.06,images/achim/aa8ff3_ae281921ef1d440fb9ef0022ecee55c5.jpg,Windows,Shades,Roller Shades,Celestial Double Layer,,
Shades,ACH-SHADE-CELESTIAL,CORDLESS Celestial Light-Filtering Double Layer Shade,36x72,White,2,0,50.06,images/achim/aa8ff3_ae281921ef1d440fb9ef0022ecee55c5.jpg,Windows,Shades,Roller Shades,Celestial Double Layer,,
Shades,ACH-SHADE-CELESTIAL,CORDLESS Celestial Light-Filtering Double Layer Shade,39x72,Grey,2,0,54.13,images/achim/aa8ff3_ae281921ef1d440fb9ef0022ecee55c5.jpg,Windows,Shades,Roller Shades,Celestial Double Layer,,
Shades,ACH-SHADE-CELESTIAL,CORDLESS Celestial Light-Filtering Double Layer Shade,39x72,Linen,2,0,54.13,images/achim/aa8ff3_ae281921ef1d440fb9ef0022ecee55c5.jpg,Windows,Shades,Roller Shades,Celestial Double Layer,,
Shades,ACH-SHADE-CELESTIAL,CORDLESS Celestial Light-Filtering Double Layer Shade,39x72,White,2,0,54.13,images/achim/aa8ff3_ae281921ef1d440fb9ef0022ecee55c5.jpg,Windows,Shades,Roller Shades,Celestial Double Layer,,
Shades,ACH-SHADE-CELESTIAL,CORDLESS Celestial Light-Filtering Double Layer Shade,43x72,Grey,2,0,59.50,images/achim/aa8ff3_ae281921ef1d440fb9ef0022ecee55c5.jpg,Windows,Shades,Roller Shades,Celestial Double Layer,,
Shades,ACH-SHADE-CELESTIAL,CORDLESS Celestial Light-Filtering Double Layer Shade,43x72,Linen,2,0,59.50,images/achim/aa8ff3_ae281921ef1d440fb9ef0022ecee55c5.jpg,Windows,Shades,Roller Shades,Celestial Double Layer,,
Shades,ACH-SHADE-CELESTIAL,CORDLESS Celestial Light-Filtering Double Layer Shade,43x72,White,2,0,59.50,images/achim/aa8ff3_ae281921ef1d440fb9ef0022ecee55c5.jpg,Windows,Shades,Roller Shades,Celestial Double Layer,,
Shades,ACH-SHADE-CELESTIAL,CORDLESS Celestial Light-Filtering Double Layer Shade,48x72,Grey,2,0,66.19,images/achim/aa8ff3_ae281921ef1d440fb9ef0022ecee55c5.jpg,Windows,Shades,Roller Shades,Celestial Double Layer,,
Shades,ACH-SHADE-CELESTIAL,CORDLESS Celestial Light-Filtering Double Layer Shade,48x72,Linen,2,0,66.19,images/achim/aa8ff3_ae281921ef1d440fb9ef0022ecee55c5.jpg,Windows,Shades,Roller Shades,Celestial Double Layer,,
Shades,ACH-SHADE-CELESTIAL,CORDLESS Celestial Light-Filtering Double Layer Shade,48x72,White,2,0,66.19,images/achim/aa8ff3_ae281921ef1d440fb9ef0022ecee55c5.jpg,Windows,Shades,Roller Shades,Celestial Double Layer,,
Shades,ACH-SHADE-GLIDENGO,CORDLESS Glide n Go 100% Blackout Vinyl Roller Shade,23x72,White,6,0,18.25,images/achim/a5fda5_01a344d6a57a405084040dbaba14ab90.jpg,Windows,Shades,Roller Shades,Glide n Go Blackout,,
Shades,ACH-SHADE-GLIDENGO,CORDLESS Glide n Go 100% Blackout Vinyl Roller Shade,23x72,Ivory,6,0,18.25,images/achim/a5fda5_01a344d6a57a405084040dbaba14ab90.jpg,Windows,Shades,Roller Shades,Glide n Go Blackout,,
Shades,ACH-SHADE-GLIDENGO,CORDLESS Glide n Go 100% Blackout Vinyl Roller Shade,24x72,White,6,0,18.88,images/achim/a5fda5_01a344d6a57a405084040dbaba14ab90.jpg,Windows,Shades,Roller Shades,Glide n Go Blackout,,
Shades,ACH-SHADE-GLIDENGO,CORDLESS Glide n Go 100% Blackout Vinyl Roller Shade,24x72,Ivory,6,0,18.88,images/achim/a5fda5_01a344d6a57a405084040dbaba14ab90.jpg,Windows,Shades,Roller Shades,Glide n Go Blackout,,
Shades,ACH-SHADE-GLIDENGO,CORDLESS Glide n Go 100% Blackout Vinyl Roller Shade,25x72,White,6,0,19.50,images/achim/a5fda5_01a344d6a57a405084040dbaba14ab90.jpg,Windows,Shades,Roller Shades,Glide n Go Blackout,,
Shades,ACH-SHADE-GLIDENGO,CORDLESS Glide n Go 100% Blackout Vinyl Roller Shade,25x72,Ivory,6,0,19.50,images/achim/a5fda5_01a344d6a57a405084040dbaba14ab90.jpg,Windows,Shades,Roller Shades,Glide n Go Blackout,,
Shades,ACH-SHADE-GLIDENGO,CORDLESS Glide n Go 100% Blackout Vinyl Roller Shade,26x72,White,6,0,19.94,images/achim/a5fda5_01a344d6a57a405084040dbaba14ab90.jpg,Windows,Shades,Roller Shades,Glide n Go Blackout,,
Shades,ACH-SHADE-GLIDENGO,CORDLESS Glide n Go 100% Blackout Vinyl Roller Shade,26x72,Ivory,6,0,19.94,images/achim/a5fda5_01a344d6a57a405084040dbaba14ab90.jpg,Windows,Shades,Roller Shades,Glide n Go Blackout,,
Shades,ACH-SHADE-GLIDENGO,CORDLESS Glide n Go 100% Blackout Vinyl Roller Shade,27x72,White,6,0,20.50,images/achim/a5fda5_01a344d6a57a405084040dbaba14ab90.jpg,Windows,Shades,Roller Shades,Glide n Go Blackout,,
Shades,ACH-SHADE-GLIDENGO,CORDLESS Glide n Go 100% Blackout Vinyl Roller Shade,27x72,Ivory,6,0,20.50,images/achim/a5fda5_01a344d6a57a405084040dbaba14ab90.jpg,Windows,Shades,Roller Shades,Glide n Go Blackout,,
Shades,ACH-SHADE-GLIDENGO,CORDLESS Glide n Go 100% Blackout Vinyl Roller Shade,28x72,White,6,0,21.06,images/achim/a5fda5_01a344d6a57a405084040dbaba14ab90.jpg,Windows,Shades,Roller Shades,Glide n Go Blackout,,
Shades,ACH-SHADE-GLIDENGO,CORDLESS Glide n Go 100% Blackout Vinyl Roller Shade,28x72,Ivory,6,0,21.06,images/achim/a5fda5_01a344d6a57a405084040dbaba14ab90.jpg,Windows,Shades,Roller Shades,Glide n Go Blackout,,
Shades,ACH-SHADE-GLIDENGO,CORDLESS Glide n Go 100% Blackout Vinyl Roller Shade,29x72,White,6,0,21.56,images/achim/a5fda5_01a344d6a57a405084040dbaba14ab90.jpg,Windows,Shades,Roller Shades,Glide n Go Blackout,,
Shades,ACH-SHADE-GLIDENGO,CORDLESS Glide n Go 100% Blackout Vinyl Roller Shade,29x72,Ivory,6,0,21.56,images/achim/a5fda5_01a344d6a57a405084040dbaba14ab90.jpg,Windows,Shades,Roller Shades,Glide n Go Blackout,,
Shades,ACH-SHADE-GLIDENGO,CORDLESS Glide n Go 100% Blackout Vinyl Roller Shade,30x72,White,6,0,22.19,images/achim/a5fda5_01a344d6a57a405084040dbaba14ab90.jpg,Windows,Shades,Roller Shades,Glide n Go Blackout,,
Shades,ACH-SHADE-GLIDENGO,CORDLESS Glide n Go 100% Blackout Vinyl Roller Shade,30x72,Ivory,6,0,22.19,images/achim/a5fda5_01a344d6a57a405084040dbaba14ab90.jpg,Windows,Shades,Roller Shades,Glide n Go Blackout,,
Shades,ACH-SHADE-GLIDENGO,CORDLESS Glide n Go 100% Blackout Vinyl Roller Shade,31x72,White,6,0,22.75,images/achim/a5fda5_01a344d6a57a405084040dbaba14ab90.jpg,Windows,Shades,Roller Shades,Glide n Go Blackout,,
Shades,ACH-SHADE-GLIDENGO,CORDLESS Glide n Go 100% Blackout Vinyl Roller Shade,31x72,Ivory,6,0,22.75,images/achim/a5fda5_01a344d6a57a405084040dbaba14ab90.jpg,Windows,Shades,Roller Shades,Glide n Go Blackout,,
Shades,ACH-SHADE-GLIDENGO,CORDLESS Glide n Go 100% Blackout Vinyl Roller Shade,32x72,White,6,0,23.31,images/achim/a5fda5_01a344d6a57a405084040dbaba14ab90.jpg,Windows,Shades,Roller Shades,Glide n Go Blackout,,
Shades,ACH-SHADE-GLIDENGO,CORDLESS Glide n Go 100% Blackout Vinyl Roller Shade,32x72,Ivory,6,0,23.31,images/achim/a5fda5_01a344d6a57a405084040dbaba14ab90.jpg,Windows,Shades,Roller Shades,Glide n Go Blackout,,
Shades,ACH-SHADE-GLIDENGO,CORDLESS Glide n Go 100% Blackout Vinyl Roller Shade,33x72,White,6,0,23.88,images/achim/a5fda5_01a344d6a57a405084040dbaba14ab90.jpg,Windows,Shades,Roller Shades,Glide n Go Blackout,,
Shades,ACH-SHADE-GLIDENGO,CORDLESS Glide n Go 100% Blackout Vinyl Roller Shade,33x72,Ivory,6,0,23.88,images/achim/a5fda5_01a344d6a57a405084040dbaba14ab90.jpg,Windows,Shades,Roller Shades,Glide n Go Blackout,,
Shades,ACH-SHADE-GLIDENGO,CORDLESS Glide n Go 100% Blackout Vinyl Roller Shade,34x72,White,6,0,24.44,images/achim/a5fda5_01a344d6a57a405084040dbaba14ab90.jpg,Windows,Shades,Roller Shades,Glide n Go Blackout,,
Shades,ACH-SHADE-GLIDENGO,CORDLESS Glide n Go 100% Blackout Vinyl Roller Shade,34x72,Ivory,6,0,24.44,images/achim/a5fda5_01a344d6a57a405084040dbaba14ab90.jpg,Windows,Shades,Roller Shades,Glide n Go Blackout,,
Shades,ACH-SHADE-GLIDENGO,CORDLESS Glide n Go 100% Blackout Vinyl Roller Shade,35x72,White,6,0,25.00,images/achim/a5fda5_01a344d6a57a405084040dbaba14ab90.jpg,Windows,Shades,Roller Shades,Glide n Go Blackout,,
Shades,ACH-SHADE-GLIDENGO,CORDLESS Glide n Go 100% Blackout Vinyl Roller Shade,35x72,Ivory,6,0,25.00,images/achim/a5fda5_01a344d6a57a405084040dbaba14ab90.jpg,Windows,Shades,Roller Shades,Glide n Go Blackout,,
Shades,ACH-SHADE-GLIDENGO,CORDLESS Glide n Go 100% Blackout Vinyl Roller Shade,36x72,White,6,0,25.94,images/achim/a5fda5_01a344d6a57a405084040dbaba14ab90.jpg,Windows,Shades,Roller Shades,Glide n Go Blackout,,
Shades,ACH-SHADE-GLIDENGO,CORDLESS Glide n Go 100% Blackout Vinyl Roller Shade,36x72,Ivory,6,0,25.94,images/achim/a5fda5_01a344d6a57a405084040dbaba14ab90.jpg,Windows,Shades,Roller Shades,Glide n Go Blackout,,
Shades,ACH-SHADE-GLIDENGO,CORDLESS Glide n Go 100% Blackout Vinyl Roller Shade,37x72,White,6,0,26.50,images/achim/a5fda5_01a344d6a57a405084040dbaba14ab90.jpg,Windows,Shades,Roller Shades,Glide n Go Blackout,,
Shades,ACH-SHADE-GLIDENGO,CORDLESS Glide n Go 100% Blackout Vinyl Roller Shade,37x72,Ivory,6,0,26.50,images/achim/a5fda5_01a344d6a57a405084040dbaba14ab90.jpg,Windows,Shades,Roller Shades,Glide n Go Blackout,,
Shades,ACH-SHADE-GLIDENGO,CORDLESS Glide n Go 100% Blackout Vinyl Roller Shade,38x72,White,6,0,27.06,images/achim/a5fda5_01a344d6a57a405084040dbaba14ab90.jpg,Windows,Shades,Roller Shades,Glide n Go Blackout,,
Shades,ACH-SHADE-GLIDENGO,CORDLESS Glide n Go 100% Blackout Vinyl Roller Shade,38x72,Ivory,6,0,27.06,images/achim/a5fda5_01a344d6a57a405084040dbaba14ab90.jpg,Windows,Shades,Roller Shades,Glide n Go Blackout,,
Shades,ACH-SHADE-GLIDENGO,CORDLESS Glide n Go 100% Blackout Vinyl Roller Shade,39x72,White,6,0,27.63,images/achim/a5fda5_01a344d6a57a405084040dbaba14ab90.jpg,Windows,Shades,Roller Shades,Glide n Go Blackout,,
Shades,ACH-SHADE-GLIDENGO,CORDLESS Glide n Go 100% Blackout Vinyl Roller Shade,39x72,Ivory,6,0,27.63,images/achim/a5fda5_01a344d6a57a405084040dbaba14ab90.jpg,Windows,Shades,Roller Shades,Glide n Go Blackout,,
Shades,ACH-SHADE-GLIDENGO,CORDLESS Glide n Go 100% Blackout Vinyl Roller Shade,40x72,White,6,0,28.13,images/achim/a5fda5_01a344d6a57a405084040dbaba14ab90.jpg,Windows,Shades,Roller Shades,Glide n Go Blackout,,
Shades,ACH-SHADE-GLIDENGO,CORDLESS Glide n Go 100% Blackout Vinyl Roller Shade,40x72,Ivory,6,0,28.13,images/achim/a5fda5_01a344d6a57a405084040dbaba14ab90.jpg,Windows,Shades,Roller Shades,Glide n Go Blackout,,
Shades,ACH-SHADE-GLIDENGO,CORDLESS Glide n Go 100% Blackout Vinyl Roller Shade,41x72,White,6,0,28.69,images/achim/a5fda5_01a344d6a57a405084040dbaba14ab90.jpg,Windows,Shades,Roller Shades,Glide n Go Blackout,,
Shades,ACH-SHADE-GLIDENGO,CORDLESS Glide n Go 100% Blackout Vinyl Roller Shade,41x72,Ivory,6,0,28.69,images/achim/a5fda5_01a344d6a57a405084040dbaba14ab90.jpg,Windows,Shades,Roller Shades,Glide n Go Blackout,,
Shades,ACH-SHADE-GLIDENGO,CORDLESS Glide n Go 100% Blackout Vinyl Roller Shade,42x72,White,6,0,29.31,images/achim/a5fda5_01a344d6a57a405084040dbaba14ab90.jpg,Windows,Shades,Roller Shades,Glide n Go Blackout,,
Shades,ACH-SHADE-GLIDENGO,CORDLESS Glide n Go 100% Blackout Vinyl Roller Shade,42x72,Ivory,6,0,29.31,images/achim/a5fda5_01a344d6a57a405084040dbaba14ab90.jpg,Windows,Shades,Roller Shades,Glide n Go Blackout,,
Shades,ACH-SHADE-GLIDENGO,CORDLESS Glide n Go 100% Blackout Vinyl Roller Shade,43x72,White,6,0,29.88,images/achim/a5fda5_01a344d6a57a405084040dbaba14ab90.jpg,Windows,Shades,Roller Shades,Glide n Go Blackout,,
Shades,ACH-SHADE-GLIDENGO,CORDLESS Glide n Go 100% Blackout Vinyl Roller Shade,43x72,Ivory,6,0,29.88,images/achim/a5fda5_01a344d6a57a405084040dbaba14ab90.jpg,Windows,Shades,Roller Shades,Glide n Go Blackout,,
Shades,ACH-SHADE-GLIDENGO,CORDLESS Glide n Go 100% Blackout Vinyl Roller Shade,44x72,White,6,0,30.44,images/achim/a5fda5_01a344d6a57a405084040dbaba14ab90.jpg,Windows,Shades,Roller Shades,Glide n Go Blackout,,
Shades,ACH-SHADE-GLIDENGO,CORDLESS Glide n Go 100% Blackout Vinyl Roller Shade,44x72,Ivory,6,0,30.44,images/achim/a5fda5_01a344d6a57a405084040dbaba14ab90.jpg,Windows,Shades,Roller Shades,Glide n Go Blackout,,
Shades,ACH-SHADE-GLIDENGO,CORDLESS Glide n Go 100% Blackout Vinyl Roller Shade,45x72,White,6,0,31.00,images/achim/a5fda5_01a344d6a57a405084040dbaba14ab90.jpg,Windows,Shades,Roller Shades,Glide n Go Blackout,,
Shades,ACH-SHADE-GLIDENGO,CORDLESS Glide n Go 100% Blackout Vinyl Roller Shade,45x72,Ivory,6,0,31.00,images/achim/a5fda5_01a344d6a57a405084040dbaba14ab90.jpg,Windows,Shades,Roller Shades,Glide n Go Blackout,,
Shades,ACH-SHADE-ROMAN-BO,CORDLESS Blackout Roman Shade,27x64,White,4,0,37.13,images/achim/a5fda5_574a70dbebae495cacac0258e1424335.jpg,Windows,Shades,Roman Shades,Blackout Roman,,
Shades,ACH-SHADE-ROMAN-BO,CORDLESS Blackout Roman Shade,27x64,Ivory,4,0,37.13,images/achim/a5fda5_574a70dbebae495cacac0258e1424335.jpg,Windows,Shades,Roman Shades,Blackout Roman,,
Shades,ACH-SHADE-ROMAN-BO,CORDLESS Blackout Roman Shade,27x64,Grey,4,0,37.13,images/achim/a5fda5_574a70dbebae495cacac0258e1424335.jpg,Windows,Shades,Roman Shades,Blackout Roman,,
Shades,ACH-SHADE-ROMAN-BO,CORDLESS Blackout Roman Shade,29x64,White,4,0,39.88,images/achim/a5fda5_574a70dbebae495cacac0258e1424335.jpg,Windows,Shades,Roman Shades,Blackout Roman,,
Shades,ACH-SHADE-ROMAN-BO,CORDLESS Blackout Roman Shade,29x64,Ivory,4,0,39.88,images/achim/a5fda5_574a70dbebae495cacac0258e1424335.jpg,Windows,Shades,Roman Shades,Blackout Roman,,
Shades,ACH-SHADE-ROMAN-BO,CORDLESS Blackout Roman Shade,29x64,Grey,4,0,39.88,images/achim/a5fda5_574a70dbebae495cacac0258e1424335.jpg,Windows,Shades,Roman Shades,Blackout Roman,,
Shades,ACH-SHADE-ROMAN-BO,CORDLESS Blackout Roman Shade,30x64,White,4,0,41.25,images/achim/a5fda5_574a70dbebae495cacac0258e1424335.jpg,Windows,Shades,Roman Shades,Blackout Roman,,
Shades,ACH-SHADE-ROMAN-BO,CORDLESS Blackout Roman Shade,30x64,Ivory,4,0,41.25,images/achim/a5fda5_574a70dbebae495cacac0258e1424335.jpg,Windows,Shades,Roman Shades,Blackout Roman,,
Shades,ACH-SHADE-ROMAN-BO,CORDLESS Blackout Roman Shade,30x64,Grey,4,0,41.25,images/achim/a5fda5_574a70dbebae495cacac0258e1424335.jpg,Windows,Shades,Roman Shades,Blackout Roman,,
Shades,ACH-SHADE-ROMAN-BO,CORDLESS Blackout Roman Shade,31x64,White,4,0,42.63,images/achim/a5fda5_574a70dbebae495cacac0258e1424335.jpg,Windows,Shades,Roman Shades,Blackout Roman,,
Shades,ACH-SHADE-ROMAN-BO,CORDLESS Blackout Roman Shade,31x64,Ivory,4,0,42.63,images/achim/a5fda5_574a70dbebae495cacac0258e1424335.jpg,Windows,Shades,Roman Shades,Blackout Roman,,
Shades,ACH-SHADE-ROMAN-BO,CORDLESS Blackout Roman Shade,31x64,Grey,4,0,42.63,images/achim/a5fda5_574a70dbebae495cacac0258e1424335.jpg,Windows,Shades,Roman Shades,Blackout Roman,,
Shades,ACH-SHADE-ROMAN-BO,CORDLESS Blackout Roman Shade,33x64,White,4,0,45.38,images/achim/a5fda5_574a70dbebae495cacac0258e1424335.jpg,Windows,Shades,Roman Shades,Blackout Roman,,
Shades,ACH-SHADE-ROMAN-BO,CORDLESS Blackout Roman Shade,33x64,Ivory,4,0,45.38,images/achim/a5fda5_574a70dbebae495cacac0258e1424335.jpg,Windows,Shades,Roman Shades,Blackout Roman,,
Shades,ACH-SHADE-ROMAN-BO,CORDLESS Blackout Roman Shade,33x64,Grey,4,0,45.38,images/achim/a5fda5_574a70dbebae495cacac0258e1424335.jpg,Windows,Shades,Roman Shades,Blackout Roman,,
Shades,ACH-SHADE-ROMAN-BO,CORDLESS Blackout Roman Shade,35x64,White,4,0,48.13,images/achim/a5fda5_574a70dbebae495cacac0258e1424335.jpg,Windows,Shades,Roman Shades,Blackout Roman,,
Shades,ACH-SHADE-ROMAN-BO,CORDLESS Blackout Roman Shade,35x64,Ivory,4,0,48.13,images/achim/a5fda5_574a70dbebae495cacac0258e1424335.jpg,Windows,Shades,Roman Shades,Blackout Roman,,
Shades,ACH-SHADE-ROMAN-BO,CORDLESS Blackout Roman Shade,35x64,Grey,4,0,48.13,images/achim/a5fda5_574a70dbebae495cacac0258e1424335.jpg,Windows,Shades,Roman Shades,Blackout Roman,,
Shades,ACH-SHADE-ROMAN-BO,CORDLESS Blackout Roman Shade,36x64,White,4,0,49.50,images/achim/a5fda5_574a70dbebae495cacac0258e1424335.jpg,Windows,Shades,Roman Shades,Blackout Roman,,
Shades,ACH-SHADE-ROMAN-BO,CORDLESS Blackout Roman Shade,36x64,Ivory,4,0,49.50,images/achim/a5fda5_574a70dbebae495cacac0258e1424335.jpg,Windows,Shades,Roman Shades,Blackout Roman,,
Shades,ACH-SHADE-ROMAN-BO,CORDLESS Blackout Roman Shade,36x64,Grey,4,0,49.50,images/achim/a5fda5_574a70dbebae495cacac0258e1424335.jpg,Windows,Shades,Roman Shades,Blackout Roman,,
Blinds,ACH-BLIND-HORIZON,HORIZON Ribbed Vinyl Patio Door Vertical Blind with Valance,78x84,White,2,0,36.13,images/logo.png,Windows,Blinds,Vertical Blinds,Horizon Ribbed,,
Blinds,ACH-BLIND-HORIZON,HORIZON Ribbed Vinyl Patio Door Vertical Blind with Valance,78x84,Alabaster,2,0,36.13,images/logo.png,Windows,Blinds,Vertical Blinds,Horizon Ribbed,,
Blinds,ACH-BLIND-HORIZON,HORIZON Ribbed Vinyl Patio Door Vertical Blind with Valance,104x84,White,2,0,53.44,images/logo.png,Windows,Blinds,Vertical Blinds,Horizon Ribbed,,
Blinds,ACH-BLIND-HORIZON,HORIZON Ribbed Vinyl Patio Door Vertical Blind with Valance,104x84,Alabaster,2,0,53.44,images/logo.png,Windows,Blinds,Vertical Blinds,Horizon Ribbed,,
Blinds,ACH-BLIND-MONACO,MONACO Plain Vinyl Patio Door Vertical Blind (no valance),78x84,White,2,0,33.25,images/logo.png,Windows,Blinds,Vertical Blinds,Monaco Plain,,
Blinds,ACH-BLIND-MONACO,MONACO Plain Vinyl Patio Door Vertical Blind (no valance),104x84,White,2,0,49.19,images/logo.png,Windows,Blinds,Vertical Blinds,Monaco Plain,,
Blinds,ACH-BLIND-VANE-PLAIN,Plain Vertical Blind Vane 3-1/2in (white only),82.5,White,100,0,1.56,images/logo.png,Windows,Blinds,Vertical Blinds,Plain Vanes,,
Blinds,ACH-BLIND-VANE-RIBBED,Ribbed Vertical Blind Vane 3-1/2in,82.5,White,100,0,1.56,images/logo.png,Windows,Blinds,Vertical Blinds,Ribbed Vanes,,
Blinds,ACH-BLIND-MORNINGSTAR,GII CORDLESS Morningstar 1in Light Filtering Vinyl Mini Blind,45x25,White,4,0,9.38,images/achim/a5fda5_de568daafe0e4e5ea629434025b7ff28.jpg,Windows,Blinds,Mini Blinds,GII Morningstar 1in,,
Blinds,ACH-BLIND-MORNINGSTAR,GII CORDLESS Morningstar 1in Light Filtering Vinyl Mini Blind,45x25,Alabaster,4,0,9.38,images/achim/a5fda5_de568daafe0e4e5ea629434025b7ff28.jpg,Windows,Blinds,Mini Blinds,GII Morningstar 1in,,
Blinds,ACH-BLIND-MORNINGSTAR,GII CORDLESS Morningstar 1in Light Filtering Vinyl Mini Blind,45x25,Black,4,0,9.38,images/achim/a5fda5_de568daafe0e4e5ea629434025b7ff28.jpg,Windows,Blinds,Mini Blinds,GII Morningstar 1in,,
Blinds,ACH-BLIND-MORNINGSTAR,GII CORDLESS Morningstar 1in Light Filtering Vinyl Mini Blind,18x42,White,6,0,5.50,images/achim/a5fda5_de568daafe0e4e5ea629434025b7ff28.jpg,Windows,Blinds,Mini Blinds,GII Morningstar 1in,,
Blinds,ACH-BLIND-MORNINGSTAR,GII CORDLESS Morningstar 1in Light Filtering Vinyl Mini Blind,18x42,Alabaster,6,0,5.50,images/achim/a5fda5_de568daafe0e4e5ea629434025b7ff28.jpg,Windows,Blinds,Mini Blinds,GII Morningstar 1in,,
Blinds,ACH-BLIND-MORNINGSTAR,GII CORDLESS Morningstar 1in Light Filtering Vinyl Mini Blind,18x42,Black,6,0,5.50,images/achim/a5fda5_de568daafe0e4e5ea629434025b7ff28.jpg,Windows,Blinds,Mini Blinds,GII Morningstar 1in,,
Blinds,ACH-BLIND-MORNINGSTAR,GII CORDLESS Morningstar 1in Light Filtering Vinyl Mini Blind,23x42,White,6,0,5.88,images/achim/a5fda5_de568daafe0e4e5ea629434025b7ff28.jpg,Windows,Blinds,Mini Blinds,GII Morningstar 1in,,
Blinds,ACH-BLIND-MORNINGSTAR,GII CORDLESS Morningstar 1in Light Filtering Vinyl Mini Blind,23x42,Alabaster,6,0,5.88,images/achim/a5fda5_de568daafe0e4e5ea629434025b7ff28.jpg,Windows,Blinds,Mini Blinds,GII Morningstar 1in,,
Blinds,ACH-BLIND-MORNINGSTAR,GII CORDLESS Morningstar 1in Light Filtering Vinyl Mini Blind,23x42,Black,6,0,5.88,images/achim/a5fda5_de568daafe0e4e5ea629434025b7ff28.jpg,Windows,Blinds,Mini Blinds,GII Morningstar 1in,,
Blinds,ACH-BLIND-MORNINGSTAR,GII CORDLESS Morningstar 1in Light Filtering Vinyl Mini Blind,23x48,White,6,0,5.31,images/achim/a5fda5_de568daafe0e4e5ea629434025b7ff28.jpg,Windows,Blinds,Mini Blinds,GII Morningstar 1in,,
Blinds,ACH-BLIND-MORNINGSTAR,GII CORDLESS Morningstar 1in Light Filtering Vinyl Mini Blind,23x48,Alabaster,6,0,5.31,images/achim/a5fda5_de568daafe0e4e5ea629434025b7ff28.jpg,Windows,Blinds,Mini Blinds,GII Morningstar 1in,,
Blinds,ACH-BLIND-MORNINGSTAR,GII CORDLESS Morningstar 1in Light Filtering Vinyl Mini Blind,23x48,Black,6,0,5.31,images/achim/a5fda5_de568daafe0e4e5ea629434025b7ff28.jpg,Windows,Blinds,Mini Blinds,GII Morningstar 1in,,
Blinds,ACH-BLIND-MORNINGSTAR,GII CORDLESS Morningstar 1in Light Filtering Vinyl Mini Blind,27x48,White,6,0,6.19,images/achim/a5fda5_de568daafe0e4e5ea629434025b7ff28.jpg,Windows,Blinds,Mini Blinds,GII Morningstar 1in,,
Blinds,ACH-BLIND-MORNINGSTAR,GII CORDLESS Morningstar 1in Light Filtering Vinyl Mini Blind,27x48,Alabaster,6,0,6.19,images/achim/a5fda5_de568daafe0e4e5ea629434025b7ff28.jpg,Windows,Blinds,Mini Blinds,GII Morningstar 1in,,
Blinds,ACH-BLIND-MORNINGSTAR,GII CORDLESS Morningstar 1in Light Filtering Vinyl Mini Blind,27x48,Black,6,0,6.19,images/achim/a5fda5_de568daafe0e4e5ea629434025b7ff28.jpg,Windows,Blinds,Mini Blinds,GII Morningstar 1in,,
Blinds,ACH-BLIND-MORNINGSTAR,GII CORDLESS Morningstar 1in Light Filtering Vinyl Mini Blind,28x48,White,6,0,6.44,images/achim/a5fda5_de568daafe0e4e5ea629434025b7ff28.jpg,Windows,Blinds,Mini Blinds,GII Morningstar 1in,,
Blinds,ACH-BLIND-MORNINGSTAR,GII CORDLESS Morningstar 1in Light Filtering Vinyl Mini Blind,28x48,Alabaster,6,0,6.44,images/achim/a5fda5_de568daafe0e4e5ea629434025b7ff28.jpg,Windows,Blinds,Mini Blinds,GII Morningstar 1in,,
Blinds,ACH-BLIND-MORNINGSTAR,GII CORDLESS Morningstar 1in Light Filtering Vinyl Mini Blind,28x48,Black,6,0,6.44,images/achim/a5fda5_de568daafe0e4e5ea629434025b7ff28.jpg,Windows,Blinds,Mini Blinds,GII Morningstar 1in,,
Blinds,ACH-BLIND-MORNINGSTAR,GII CORDLESS Morningstar 1in Light Filtering Vinyl Mini Blind,29x48,White,6,0,6.69,images/achim/a5fda5_de568daafe0e4e5ea629434025b7ff28.jpg,Windows,Blinds,Mini Blinds,GII Morningstar 1in,,
Blinds,ACH-BLIND-MORNINGSTAR,GII CORDLESS Morningstar 1in Light Filtering Vinyl Mini Blind,29x48,Alabaster,6,0,6.69,images/achim/a5fda5_de568daafe0e4e5ea629434025b7ff28.jpg,Windows,Blinds,Mini Blinds,GII Morningstar 1in,,
Blinds,ACH-BLIND-MORNINGSTAR,GII CORDLESS Morningstar 1in Light Filtering Vinyl Mini Blind,29x48,Black,6,0,6.69,images/achim/a5fda5_de568daafe0e4e5ea629434025b7ff28.jpg,Windows,Blinds,Mini Blinds,GII Morningstar 1in,,
Blinds,ACH-BLIND-MORNINGSTAR,GII CORDLESS Morningstar 1in Light Filtering Vinyl Mini Blind,31x48,White,6,0,7.13,images/achim/a5fda5_de568daafe0e4e5ea629434025b7ff28.jpg,Windows,Blinds,Mini Blinds,GII Morningstar 1in,,
Blinds,ACH-BLIND-MORNINGSTAR,GII CORDLESS Morningstar 1in Light Filtering Vinyl Mini Blind,31x48,Alabaster,6,0,7.13,images/achim/a5fda5_de568daafe0e4e5ea629434025b7ff28.jpg,Windows,Blinds,Mini Blinds,GII Morningstar 1in,,
Blinds,ACH-BLIND-MORNINGSTAR,GII CORDLESS Morningstar 1in Light Filtering Vinyl Mini Blind,31x48,Black,6,0,7.13,images/achim/a5fda5_de568daafe0e4e5ea629434025b7ff28.jpg,Windows,Blinds,Mini Blinds,GII Morningstar 1in,,
Blinds,ACH-BLIND-MORNINGSTAR,GII CORDLESS Morningstar 1in Light Filtering Vinyl Mini Blind,32x48,White,6,0,7.38,images/achim/a5fda5_de568daafe0e4e5ea629434025b7ff28.jpg,Windows,Blinds,Mini Blinds,GII Morningstar 1in,,
Blinds,ACH-BLIND-MORNINGSTAR,GII CORDLESS Morningstar 1in Light Filtering Vinyl Mini Blind,32x48,Alabaster,6,0,7.38,images/achim/a5fda5_de568daafe0e4e5ea629434025b7ff28.jpg,Windows,Blinds,Mini Blinds,GII Morningstar 1in,,
Blinds,ACH-BLIND-MORNINGSTAR,GII CORDLESS Morningstar 1in Light Filtering Vinyl Mini Blind,32x48,Black,6,0,7.38,images/achim/a5fda5_de568daafe0e4e5ea629434025b7ff28.jpg,Windows,Blinds,Mini Blinds,GII Morningstar 1in,,
Blinds,ACH-BLIND-MORNINGSTAR,GII CORDLESS Morningstar 1in Light Filtering Vinyl Mini Blind,33x48,White,6,0,7.63,images/achim/a5fda5_de568daafe0e4e5ea629434025b7ff28.jpg,Windows,Blinds,Mini Blinds,GII Morningstar 1in,,
Blinds,ACH-BLIND-MORNINGSTAR,GII CORDLESS Morningstar 1in Light Filtering Vinyl Mini Blind,33x48,Alabaster,6,0,7.63,images/achim/a5fda5_de568daafe0e4e5ea629434025b7ff28.jpg,Windows,Blinds,Mini Blinds,GII Morningstar 1in,,
Blinds,ACH-BLIND-MORNINGSTAR,GII CORDLESS Morningstar 1in Light Filtering Vinyl Mini Blind,33x48,Black,6,0,7.63,images/achim/a5fda5_de568daafe0e4e5ea629434025b7ff28.jpg,Windows,Blinds,Mini Blinds,GII Morningstar 1in,,
Blinds,ACH-BLIND-MORNINGSTAR,GII CORDLESS Morningstar 1in Light Filtering Vinyl Mini Blind,34x48,White,6,0,7.81,images/achim/a5fda5_de568daafe0e4e5ea629434025b7ff28.jpg,Windows,Blinds,Mini Blinds,GII Morningstar 1in,,
Blinds,ACH-BLIND-MORNINGSTAR,GII CORDLESS Morningstar 1in Light Filtering Vinyl Mini Blind,34x48,Alabaster,6,0,7.81,images/achim/a5fda5_de568daafe0e4e5ea629434025b7ff28.jpg,Windows,Blinds,Mini Blinds,GII Morningstar 1in,,
Blinds,ACH-BLIND-MORNINGSTAR,GII CORDLESS Morningstar 1in Light Filtering Vinyl Mini Blind,34x48,Black,6,0,7.81,images/achim/a5fda5_de568daafe0e4e5ea629434025b7ff28.jpg,Windows,Blinds,Mini Blinds,GII Morningstar 1in,,
Blinds,ACH-BLIND-MORNINGSTAR,GII CORDLESS Morningstar 1in Light Filtering Vinyl Mini Blind,35x48,White,6,0,8.06,images/achim/a5fda5_de568daafe0e4e5ea629434025b7ff28.jpg,Windows,Blinds,Mini Blinds,GII Morningstar 1in,,
Blinds,ACH-BLIND-MORNINGSTAR,GII CORDLESS Morningstar 1in Light Filtering Vinyl Mini Blind,35x48,Alabaster,6,0,8.06,images/achim/a5fda5_de568daafe0e4e5ea629434025b7ff28.jpg,Windows,Blinds,Mini Blinds,GII Morningstar 1in,,
Blinds,ACH-BLIND-MORNINGSTAR,GII CORDLESS Morningstar 1in Light Filtering Vinyl Mini Blind,35x48,Black,6,0,8.06,images/achim/a5fda5_de568daafe0e4e5ea629434025b7ff28.jpg,Windows,Blinds,Mini Blinds,GII Morningstar 1in,,
Blinds,ACH-BLIND-MORNINGSTAR,GII CORDLESS Morningstar 1in Light Filtering Vinyl Mini Blind,36x48,White,6,0,8.25,images/achim/a5fda5_de568daafe0e4e5ea629434025b7ff28.jpg,Windows,Blinds,Mini Blinds,GII Morningstar 1in,,
Blinds,ACH-BLIND-MORNINGSTAR,GII CORDLESS Morningstar 1in Light Filtering Vinyl Mini Blind,36x48,Alabaster,6,0,8.25,images/achim/a5fda5_de568daafe0e4e5ea629434025b7ff28.jpg,Windows,Blinds,Mini Blinds,GII Morningstar 1in,,
Blinds,ACH-BLIND-MORNINGSTAR,GII CORDLESS Morningstar 1in Light Filtering Vinyl Mini Blind,36x48,Black,6,0,8.25,images/achim/a5fda5_de568daafe0e4e5ea629434025b7ff28.jpg,Windows,Blinds,Mini Blinds,GII Morningstar 1in,,
Blinds,ACH-BLIND-MORNINGSTAR,GII CORDLESS Morningstar 1in Light Filtering Vinyl Mini Blind,45x48,White,4,0,10.38,images/achim/a5fda5_de568daafe0e4e5ea629434025b7ff28.jpg,Windows,Blinds,Mini Blinds,GII Morningstar 1in,,
Blinds,ACH-BLIND-MORNINGSTAR,GII CORDLESS Morningstar 1in Light Filtering Vinyl Mini Blind,45x48,Alabaster,4,0,10.38,images/achim/a5fda5_de568daafe0e4e5ea629434025b7ff28.jpg,Windows,Blinds,Mini Blinds,GII Morningstar 1in,,
Blinds,ACH-BLIND-MORNINGSTAR,GII CORDLESS Morningstar 1in Light Filtering Vinyl Mini Blind,45x48,Black,4,0,10.38,images/achim/a5fda5_de568daafe0e4e5ea629434025b7ff28.jpg,Windows,Blinds,Mini Blinds,GII Morningstar 1in,,
Blinds,ACH-BLIND-MORNINGSTAR,GII CORDLESS Morningstar 1in Light Filtering Vinyl Mini Blind,46x48,White,4,0,10.56,images/achim/a5fda5_de568daafe0e4e5ea629434025b7ff28.jpg,Windows,Blinds,Mini Blinds,GII Morningstar 1in,,
Blinds,ACH-BLIND-MORNINGSTAR,GII CORDLESS Morningstar 1in Light Filtering Vinyl Mini Blind,46x48,Alabaster,4,0,10.56,images/achim/a5fda5_de568daafe0e4e5ea629434025b7ff28.jpg,Windows,Blinds,Mini Blinds,GII Morningstar 1in,,
Blinds,ACH-BLIND-MORNINGSTAR,GII CORDLESS Morningstar 1in Light Filtering Vinyl Mini Blind,46x48,Black,4,0,10.56,images/achim/a5fda5_de568daafe0e4e5ea629434025b7ff28.jpg,Windows,Blinds,Mini Blinds,GII Morningstar 1in,,
Blinds,ACH-BLIND-MORNINGSTAR,GII CORDLESS Morningstar 1in Light Filtering Vinyl Mini Blind,47x48,White,4,0,10.81,images/achim/a5fda5_de568daafe0e4e5ea629434025b7ff28.jpg,Windows,Blinds,Mini Blinds,GII Morningstar 1in,,
Blinds,ACH-BLIND-MORNINGSTAR,GII CORDLESS Morningstar 1in Light Filtering Vinyl Mini Blind,47x48,Alabaster,4,0,10.81,images/achim/a5fda5_de568daafe0e4e5ea629434025b7ff28.jpg,Windows,Blinds,Mini Blinds,GII Morningstar 1in,,
Blinds,ACH-BLIND-MORNINGSTAR,GII CORDLESS Morningstar 1in Light Filtering Vinyl Mini Blind,47x48,Black,4,0,10.81,images/achim/a5fda5_de568daafe0e4e5ea629434025b7ff28.jpg,Windows,Blinds,Mini Blinds,GII Morningstar 1in,,
Blinds,ACH-BLIND-MORNINGSTAR,GII CORDLESS Morningstar 1in Light Filtering Vinyl Mini Blind,58x48,White,4,0,13.31,images/achim/a5fda5_de568daafe0e4e5ea629434025b7ff28.jpg,Windows,Blinds,Mini Blinds,GII Morningstar 1in,,
Blinds,ACH-BLIND-MORNINGSTAR,GII CORDLESS Morningstar 1in Light Filtering Vinyl Mini Blind,58x48,Alabaster,4,0,13.31,images/achim/a5fda5_de568daafe0e4e5ea629434025b7ff28.jpg,Windows,Blinds,Mini Blinds,GII Morningstar 1in,,
Blinds,ACH-BLIND-MORNINGSTAR,GII CORDLESS Morningstar 1in Light Filtering Vinyl Mini Blind,58x48,Black,4,0,13.31,images/achim/a5fda5_de568daafe0e4e5ea629434025b7ff28.jpg,Windows,Blinds,Mini Blinds,GII Morningstar 1in,,
Blinds,ACH-BLIND-MORNINGSTAR,GII CORDLESS Morningstar 1in Light Filtering Vinyl Mini Blind,70x48,White,4,0,16.06,images/achim/a5fda5_de568daafe0e4e5ea629434025b7ff28.jpg,Windows,Blinds,Mini Blinds,GII Morningstar 1in,,
Blinds,ACH-BLIND-MORNINGSTAR,GII CORDLESS Morningstar 1in Light Filtering Vinyl Mini Blind,70x48,Alabaster,4,0,16.06,images/achim/a5fda5_de568daafe0e4e5ea629434025b7ff28.jpg,Windows,Blinds,Mini Blinds,GII Morningstar 1in,,
Blinds,ACH-BLIND-MORNINGSTAR,GII CORDLESS Morningstar 1in Light Filtering Vinyl Mini Blind,70x48,Black,4,0,16.06,images/achim/a5fda5_de568daafe0e4e5ea629434025b7ff28.jpg,Windows,Blinds,Mini Blinds,GII Morningstar 1in,,
Blinds,ACH-BLIND-MORNINGSTAR,GII CORDLESS Morningstar 1in Light Filtering Vinyl Mini Blind,22x64,White,6,0,5.43,images/achim/a5fda5_de568daafe0e4e5ea629434025b7ff28.jpg,Windows,Blinds,Mini Blinds,GII Morningstar 1in,,
Blinds,ACH-BLIND-MORNINGSTAR,GII CORDLESS Morningstar 1in Light Filtering Vinyl Mini Blind,22x64,Alabaster,6,0,5.43,images/achim/a5fda5_de568daafe0e4e5ea629434025b7ff28.jpg,Windows,Blinds,Mini Blinds,GII Morningstar 1in,,
Blinds,ACH-BLIND-MORNINGSTAR,GII CORDLESS Morningstar 1in Light Filtering Vinyl Mini Blind,22x64,Black,6,0,5.43,images/achim/a5fda5_de568daafe0e4e5ea629434025b7ff28.jpg,Windows,Blinds,Mini Blinds,GII Morningstar 1in,,
Blinds,ACH-BLIND-MORNINGSTAR,GII CORDLESS Morningstar 1in Light Filtering Vinyl Mini Blind,22x64,Woodtone,6,0,5.43,images/achim/a5fda5_de568daafe0e4e5ea629434025b7ff28.jpg,Windows,Blinds,Mini Blinds,GII Morningstar 1in,,
Blinds,ACH-BLIND-MORNINGSTAR,GII CORDLESS Morningstar 1in Light Filtering Vinyl Mini Blind,22x64,Grey,6,0,5.43,images/achim/a5fda5_de568daafe0e4e5ea629434025b7ff28.jpg,Windows,Blinds,Mini Blinds,GII Morningstar 1in,,
Blinds,ACH-BLIND-MORNINGSTAR,GII CORDLESS Morningstar 1in Light Filtering Vinyl Mini Blind,23x64,White,6,0,5.69,images/achim/a5fda5_de568daafe0e4e5ea629434025b7ff28.jpg,Windows,Blinds,Mini Blinds,GII Morningstar 1in,,
Blinds,ACH-BLIND-MORNINGSTAR,GII CORDLESS Morningstar 1in Light Filtering Vinyl Mini Blind,23x64,Alabaster,6,0,5.69,images/achim/a5fda5_de568daafe0e4e5ea629434025b7ff28.jpg,Windows,Blinds,Mini Blinds,GII Morningstar 1in,,
Blinds,ACH-BLIND-MORNINGSTAR,GII CORDLESS Morningstar 1in Light Filtering Vinyl Mini Blind,23x64,Black,6,0,5.69,images/achim/a5fda5_de568daafe0e4e5ea629434025b7ff28.jpg,Windows,Blinds,Mini Blinds,GII Morningstar 1in,,
Blinds,ACH-BLIND-MORNINGSTAR,GII CORDLESS Morningstar 1in Light Filtering Vinyl Mini Blind,23x64,Woodtone,6,0,5.69,images/achim/a5fda5_de568daafe0e4e5ea629434025b7ff28.jpg,Windows,Blinds,Mini Blinds,GII Morningstar 1in,,
Blinds,ACH-BLIND-MORNINGSTAR,GII CORDLESS Morningstar 1in Light Filtering Vinyl Mini Blind,23x64,Grey,6,0,5.69,images/achim/a5fda5_de568daafe0e4e5ea629434025b7ff28.jpg,Windows,Blinds,Mini Blinds,GII Morningstar 1in,,
Blinds,ACH-BLIND-MORNINGSTAR,GII CORDLESS Morningstar 1in Light Filtering Vinyl Mini Blind,24x64,White,6,0,5.90,images/achim/a5fda5_de568daafe0e4e5ea629434025b7ff28.jpg,Windows,Blinds,Mini Blinds,GII Morningstar 1in,,
Blinds,ACH-BLIND-MORNINGSTAR,GII CORDLESS Morningstar 1in Light Filtering Vinyl Mini Blind,24x64,Alabaster,6,0,5.90,images/achim/a5fda5_de568daafe0e4e5ea629434025b7ff28.jpg,Windows,Blinds,Mini Blinds,GII Morningstar 1in,,
Blinds,ACH-BLIND-MORNINGSTAR,GII CORDLESS Morningstar 1in Light Filtering Vinyl Mini Blind,24x64,Black,6,0,5.90,images/achim/a5fda5_de568daafe0e4e5ea629434025b7ff28.jpg,Windows,Blinds,Mini Blinds,GII Morningstar 1in,,
Blinds,ACH-BLIND-MORNINGSTAR,GII CORDLESS Morningstar 1in Light Filtering Vinyl Mini Blind,24x64,Woodtone,6,0,5.90,images/achim/a5fda5_de568daafe0e4e5ea629434025b7ff28.jpg,Windows,Blinds,Mini Blinds,GII Morningstar 1in,,
Blinds,ACH-BLIND-MORNINGSTAR,GII CORDLESS Morningstar 1in Light Filtering Vinyl Mini Blind,24x64,Grey,6,0,5.90,images/achim/a5fda5_de568daafe0e4e5ea629434025b7ff28.jpg,Windows,Blinds,Mini Blinds,GII Morningstar 1in,,
Blinds,ACH-BLIND-MORNINGSTAR,GII CORDLESS Morningstar 1in Light Filtering Vinyl Mini Blind,25x64,White,6,0,6.16,images/achim/a5fda5_de568daafe0e4e5ea629434025b7ff28.jpg,Windows,Blinds,Mini Blinds,GII Morningstar 1in,,
Blinds,ACH-BLIND-MORNINGSTAR,GII CORDLESS Morningstar 1in Light Filtering Vinyl Mini Blind,25x64,Alabaster,6,0,6.16,images/achim/a5fda5_de568daafe0e4e5ea629434025b7ff28.jpg,Windows,Blinds,Mini Blinds,GII Morningstar 1in,,
Blinds,ACH-BLIND-MORNINGSTAR,GII CORDLESS Morningstar 1in Light Filtering Vinyl Mini Blind,25x64,Black,6,0,6.16,images/achim/a5fda5_de568daafe0e4e5ea629434025b7ff28.jpg,Windows,Blinds,Mini Blinds,GII Morningstar 1in,,
Blinds,ACH-BLIND-MORNINGSTAR,GII CORDLESS Morningstar 1in Light Filtering Vinyl Mini Blind,25x64,Woodtone,6,0,6.16,images/achim/a5fda5_de568daafe0e4e5ea629434025b7ff28.jpg,Windows,Blinds,Mini Blinds,GII Morningstar 1in,,
Blinds,ACH-BLIND-MORNINGSTAR,GII CORDLESS Morningstar 1in Light Filtering Vinyl Mini Blind,25x64,Grey,6,0,6.16,images/achim/a5fda5_de568daafe0e4e5ea629434025b7ff28.jpg,Windows,Blinds,Mini Blinds,GII Morningstar 1in,,
Blinds,ACH-BLIND-MORNINGSTAR,GII CORDLESS Morningstar 1in Light Filtering Vinyl Mini Blind,26x64,White,6,0,6.38,images/achim/a5fda5_de568daafe0e4e5ea629434025b7ff28.jpg,Windows,Blinds,Mini Blinds,GII Morningstar 1in,,
Blinds,ACH-BLIND-MORNINGSTAR,GII CORDLESS Morningstar 1in Light Filtering Vinyl Mini Blind,26x64,Alabaster,6,0,6.38,images/achim/a5fda5_de568daafe0e4e5ea629434025b7ff28.jpg,Windows,Blinds,Mini Blinds,GII Morningstar 1in,,
Blinds,ACH-BLIND-MORNINGSTAR,GII CORDLESS Morningstar 1in Light Filtering Vinyl Mini Blind,26x64,Black,6,0,6.38,images/achim/a5fda5_de568daafe0e4e5ea629434025b7ff28.jpg,Windows,Blinds,Mini Blinds,GII Morningstar 1in,,
Blinds,ACH-BLIND-MORNINGSTAR,GII CORDLESS Morningstar 1in Light Filtering Vinyl Mini Blind,26x64,Woodtone,6,0,6.38,images/achim/a5fda5_de568daafe0e4e5ea629434025b7ff28.jpg,Windows,Blinds,Mini Blinds,GII Morningstar 1in,,
Blinds,ACH-BLIND-MORNINGSTAR,GII CORDLESS Morningstar 1in Light Filtering Vinyl Mini Blind,26x64,Grey,6,0,6.38,images/achim/a5fda5_de568daafe0e4e5ea629434025b7ff28.jpg,Windows,Blinds,Mini Blinds,GII Morningstar 1in,,
Blinds,ACH-BLIND-MORNINGSTAR,GII CORDLESS Morningstar 1in Light Filtering Vinyl Mini Blind,27x64,White,6,0,6.64,images/achim/a5fda5_de568daafe0e4e5ea629434025b7ff28.jpg,Windows,Blinds,Mini Blinds,GII Morningstar 1in,,
Blinds,ACH-BLIND-MORNINGSTAR,GII CORDLESS Morningstar 1in Light Filtering Vinyl Mini Blind,27x64,Alabaster,6,0,6.64,images/achim/a5fda5_de568daafe0e4e5ea629434025b7ff28.jpg,Windows,Blinds,Mini Blinds,GII Morningstar 1in,,
Blinds,ACH-BLIND-MORNINGSTAR,GII CORDLESS Morningstar 1in Light Filtering Vinyl Mini Blind,27x64,Black,6,0,6.64,images/achim/a5fda5_de568daafe0e4e5ea629434025b7ff28.jpg,Windows,Blinds,Mini Blinds,GII Morningstar 1in,,
Blinds,ACH-BLIND-MORNINGSTAR,GII CORDLESS Morningstar 1in Light Filtering Vinyl Mini Blind,27x64,Woodtone,6,0,6.64,images/achim/a5fda5_de568daafe0e4e5ea629434025b7ff28.jpg,Windows,Blinds,Mini Blinds,GII Morningstar 1in,,
Blinds,ACH-BLIND-MORNINGSTAR,GII CORDLESS Morningstar 1in Light Filtering Vinyl Mini Blind,27x64,Grey,6,0,6.64,images/achim/a5fda5_de568daafe0e4e5ea629434025b7ff28.jpg,Windows,Blinds,Mini Blinds,GII Morningstar 1in,,
Blinds,ACH-BLIND-MORNINGSTAR,GII CORDLESS Morningstar 1in Light Filtering Vinyl Mini Blind,28x64,White,6,0,6.91,images/achim/a5fda5_de568daafe0e4e5ea629434025b7ff28.jpg,Windows,Blinds,Mini Blinds,GII Morningstar 1in,,
Blinds,ACH-BLIND-MORNINGSTAR,GII CORDLESS Morningstar 1in Light Filtering Vinyl Mini Blind,28x64,Alabaster,6,0,6.91,images/achim/a5fda5_de568daafe0e4e5ea629434025b7ff28.jpg,Windows,Blinds,Mini Blinds,GII Morningstar 1in,,
Blinds,ACH-BLIND-MORNINGSTAR,GII CORDLESS Morningstar 1in Light Filtering Vinyl Mini Blind,28x64,Black,6,0,6.91,images/achim/a5fda5_de568daafe0e4e5ea629434025b7ff28.jpg,Windows,Blinds,Mini Blinds,GII Morningstar 1in,,
Blinds,ACH-BLIND-MORNINGSTAR,GII CORDLESS Morningstar 1in Light Filtering Vinyl Mini Blind,28x64,Woodtone,6,0,6.91,images/achim/a5fda5_de568daafe0e4e5ea629434025b7ff28.jpg,Windows,Blinds,Mini Blinds,GII Morningstar 1in,,
Blinds,ACH-BLIND-MORNINGSTAR,GII CORDLESS Morningstar 1in Light Filtering Vinyl Mini Blind,28x64,Grey,6,0,6.91,images/achim/a5fda5_de568daafe0e4e5ea629434025b7ff28.jpg,Windows,Blinds,Mini Blinds,GII Morningstar 1in,,
Blinds,ACH-BLIND-MORNINGSTAR,GII CORDLESS Morningstar 1in Light Filtering Vinyl Mini Blind,29x64,White,6,0,7.13,images/achim/a5fda5_de568daafe0e4e5ea629434025b7ff28.jpg,Windows,Blinds,Mini Blinds,GII Morningstar 1in,,
Blinds,ACH-BLIND-MORNINGSTAR,GII CORDLESS Morningstar 1in Light Filtering Vinyl Mini Blind,29x64,Alabaster,6,0,7.13,images/achim/a5fda5_de568daafe0e4e5ea629434025b7ff28.jpg,Windows,Blinds,Mini Blinds,GII Morningstar 1in,,
Blinds,ACH-BLIND-MORNINGSTAR,GII CORDLESS Morningstar 1in Light Filtering Vinyl Mini Blind,29x64,Black,6,0,7.13,images/achim/a5fda5_de568daafe0e4e5ea629434025b7ff28.jpg,Windows,Blinds,Mini Blinds,GII Morningstar 1in,,
Blinds,ACH-BLIND-MORNINGSTAR,GII CORDLESS Morningstar 1in Light Filtering Vinyl Mini Blind,29x64,Woodtone,6,0,7.13,images/achim/a5fda5_de568daafe0e4e5ea629434025b7ff28.jpg,Windows,Blinds,Mini Blinds,GII Morningstar 1in,,
Blinds,ACH-BLIND-MORNINGSTAR,GII CORDLESS Morningstar 1in Light Filtering Vinyl Mini Blind,29x64,Grey,6,0,7.13,images/achim/a5fda5_de568daafe0e4e5ea629434025b7ff28.jpg,Windows,Blinds,Mini Blinds,GII Morningstar 1in,,
Blinds,ACH-BLIND-MORNINGSTAR,GII CORDLESS Morningstar 1in Light Filtering Vinyl Mini Blind,30x64,White,6,0,7.38,images/achim/a5fda5_de568daafe0e4e5ea629434025b7ff28.jpg,Windows,Blinds,Mini Blinds,GII Morningstar 1in,,
Blinds,ACH-BLIND-MORNINGSTAR,GII CORDLESS Morningstar 1in Light Filtering Vinyl Mini Blind,30x64,Alabaster,6,0,7.38,images/achim/a5fda5_de568daafe0e4e5ea629434025b7ff28.jpg,Windows,Blinds,Mini Blinds,GII Morningstar 1in,,
Blinds,ACH-BLIND-MORNINGSTAR,GII CORDLESS Morningstar 1in Light Filtering Vinyl Mini Blind,30x64,Black,6,0,7.38,images/achim/a5fda5_de568daafe0e4e5ea629434025b7ff28.jpg,Windows,Blinds,Mini Blinds,GII Morningstar 1in,,
Blinds,ACH-BLIND-MORNINGSTAR,GII CORDLESS Morningstar 1in Light Filtering Vinyl Mini Blind,30x64,Woodtone,6,0,7.38,images/achim/a5fda5_de568daafe0e4e5ea629434025b7ff28.jpg,Windows,Blinds,Mini Blinds,GII Morningstar 1in,,
Blinds,ACH-BLIND-MORNINGSTAR,GII CORDLESS Morningstar 1in Light Filtering Vinyl Mini Blind,30x64,Grey,6,0,7.38,images/achim/a5fda5_de568daafe0e4e5ea629434025b7ff28.jpg,Windows,Blinds,Mini Blinds,GII Morningstar 1in,,
Blinds,ACH-BLIND-MORNINGSTAR,GII CORDLESS Morningstar 1in Light Filtering Vinyl Mini Blind,31x64,White,6,0,7.63,images/achim/a5fda5_de568daafe0e4e5ea629434025b7ff28.jpg,Windows,Blinds,Mini Blinds,GII Morningstar 1in,,
Blinds,ACH-BLIND-MORNINGSTAR,GII CORDLESS Morningstar 1in Light Filtering Vinyl Mini Blind,31x64,Alabaster,6,0,7.63,images/achim/a5fda5_de568daafe0e4e5ea629434025b7ff28.jpg,Windows,Blinds,Mini Blinds,GII Morningstar 1in,,
Blinds,ACH-BLIND-MORNINGSTAR,GII CORDLESS Morningstar 1in Light Filtering Vinyl Mini Blind,31x64,Black,6,0,7.63,images/achim/a5fda5_de568daafe0e4e5ea629434025b7ff28.jpg,Windows,Blinds,Mini Blinds,GII Morningstar 1in,,
Blinds,ACH-BLIND-MORNINGSTAR,GII CORDLESS Morningstar 1in Light Filtering Vinyl Mini Blind,31x64,Woodtone,6,0,7.63,images/achim/a5fda5_de568daafe0e4e5ea629434025b7ff28.jpg,Windows,Blinds,Mini Blinds,GII Morningstar 1in,,
Blinds,ACH-BLIND-MORNINGSTAR,GII CORDLESS Morningstar 1in Light Filtering Vinyl Mini Blind,31x64,Grey,6,0,7.63,images/achim/a5fda5_de568daafe0e4e5ea629434025b7ff28.jpg,Windows,Blinds,Mini Blinds,GII Morningstar 1in,,
Blinds,ACH-BLIND-MORNINGSTAR,GII CORDLESS Morningstar 1in Light Filtering Vinyl Mini Blind,32x64,White,6,0,7.88,images/achim/a5fda5_de568daafe0e4e5ea629434025b7ff28.jpg,Windows,Blinds,Mini Blinds,GII Morningstar 1in,,
Blinds,ACH-BLIND-MORNINGSTAR,GII CORDLESS Morningstar 1in Light Filtering Vinyl Mini Blind,32x64,Alabaster,6,0,7.88,images/achim/a5fda5_de568daafe0e4e5ea629434025b7ff28.jpg,Windows,Blinds,Mini Blinds,GII Morningstar 1in,,
Blinds,ACH-BLIND-MORNINGSTAR,GII CORDLESS Morningstar 1in Light Filtering Vinyl Mini Blind,32x64,Black,6,0,7.88,images/achim/a5fda5_de568daafe0e4e5ea629434025b7ff28.jpg,Windows,Blinds,Mini Blinds,GII Morningstar 1in,,
Blinds,ACH-BLIND-MORNINGSTAR,GII CORDLESS Morningstar 1in Light Filtering Vinyl Mini Blind,32x64,Woodtone,6,0,7.88,images/achim/a5fda5_de568daafe0e4e5ea629434025b7ff28.jpg,Windows,Blinds,Mini Blinds,GII Morningstar 1in,,
Blinds,ACH-BLIND-MORNINGSTAR,GII CORDLESS Morningstar 1in Light Filtering Vinyl Mini Blind,32x64,Grey,6,0,7.88,images/achim/a5fda5_de568daafe0e4e5ea629434025b7ff28.jpg,Windows,Blinds,Mini Blinds,GII Morningstar 1in,,
Blinds,ACH-BLIND-MORNINGSTAR,GII CORDLESS Morningstar 1in Light Filtering Vinyl Mini Blind,33x64,White,6,0,8.13,images/achim/a5fda5_de568daafe0e4e5ea629434025b7ff28.jpg,Windows,Blinds,Mini Blinds,GII Morningstar 1in,,
Blinds,ACH-BLIND-MORNINGSTAR,GII CORDLESS Morningstar 1in Light Filtering Vinyl Mini Blind,33x64,Alabaster,6,0,8.13,images/achim/a5fda5_de568daafe0e4e5ea629434025b7ff28.jpg,Windows,Blinds,Mini Blinds,GII Morningstar 1in,,
Blinds,ACH-BLIND-MORNINGSTAR,GII CORDLESS Morningstar 1in Light Filtering Vinyl Mini Blind,33x64,Black,6,0,8.13,images/achim/a5fda5_de568daafe0e4e5ea629434025b7ff28.jpg,Windows,Blinds,Mini Blinds,GII Morningstar 1in,,
Blinds,ACH-BLIND-MORNINGSTAR,GII CORDLESS Morningstar 1in Light Filtering Vinyl Mini Blind,33x64,Woodtone,6,0,8.13,images/achim/a5fda5_de568daafe0e4e5ea629434025b7ff28.jpg,Windows,Blinds,Mini Blinds,GII Morningstar 1in,,
Blinds,ACH-BLIND-MORNINGSTAR,GII CORDLESS Morningstar 1in Light Filtering Vinyl Mini Blind,33x64,Grey,6,0,8.13,images/achim/a5fda5_de568daafe0e4e5ea629434025b7ff28.jpg,Windows,Blinds,Mini Blinds,GII Morningstar 1in,,
Blinds,ACH-BLIND-MORNINGSTAR,GII CORDLESS Morningstar 1in Light Filtering Vinyl Mini Blind,34x64,White,6,0,8.38,images/achim/a5fda5_de568daafe0e4e5ea629434025b7ff28.jpg,Windows,Blinds,Mini Blinds,GII Morningstar 1in,,
Blinds,ACH-BLIND-MORNINGSTAR,GII CORDLESS Morningstar 1in Light Filtering Vinyl Mini Blind,34x64,Alabaster,6,0,8.38,images/achim/a5fda5_de568daafe0e4e5ea629434025b7ff28.jpg,Windows,Blinds,Mini Blinds,GII Morningstar 1in,,
Blinds,ACH-BLIND-MORNINGSTAR,GII CORDLESS Morningstar 1in Light Filtering Vinyl Mini Blind,34x64,Black,6,0,8.38,images/achim/a5fda5_de568daafe0e4e5ea629434025b7ff28.jpg,Windows,Blinds,Mini Blinds,GII Morningstar 1in,,
Blinds,ACH-BLIND-MORNINGSTAR,GII CORDLESS Morningstar 1in Light Filtering Vinyl Mini Blind,34x64,Woodtone,6,0,8.38,images/achim/a5fda5_de568daafe0e4e5ea629434025b7ff28.jpg,Windows,Blinds,Mini Blinds,GII Morningstar 1in,,
Blinds,ACH-BLIND-MORNINGSTAR,GII CORDLESS Morningstar 1in Light Filtering Vinyl Mini Blind,34x64,Grey,6,0,8.38,images/achim/a5fda5_de568daafe0e4e5ea629434025b7ff28.jpg,Windows,Blinds,Mini Blinds,GII Morningstar 1in,,
Blinds,ACH-BLIND-MORNINGSTAR,GII CORDLESS Morningstar 1in Light Filtering Vinyl Mini Blind,35x64,White,6,0,8.63,images/achim/a5fda5_de568daafe0e4e5ea629434025b7ff28.jpg,Windows,Blinds,Mini Blinds,GII Morningstar 1in,,
Blinds,ACH-BLIND-MORNINGSTAR,GII CORDLESS Morningstar 1in Light Filtering Vinyl Mini Blind,35x64,Alabaster,6,0,8.63,images/achim/a5fda5_de568daafe0e4e5ea629434025b7ff28.jpg,Windows,Blinds,Mini Blinds,GII Morningstar 1in,,
Blinds,ACH-BLIND-MORNINGSTAR,GII CORDLESS Morningstar 1in Light Filtering Vinyl Mini Blind,35x64,Black,6,0,8.63,images/achim/a5fda5_de568daafe0e4e5ea629434025b7ff28.jpg,Windows,Blinds,Mini Blinds,GII Morningstar 1in,,
Blinds,ACH-BLIND-MORNINGSTAR,GII CORDLESS Morningstar 1in Light Filtering Vinyl Mini Blind,35x64,Woodtone,6,0,8.63,images/achim/a5fda5_de568daafe0e4e5ea629434025b7ff28.jpg,Windows,Blinds,Mini Blinds,GII Morningstar 1in,,
Blinds,ACH-BLIND-MORNINGSTAR,GII CORDLESS Morningstar 1in Light Filtering Vinyl Mini Blind,35x64,Grey,6,0,8.63,images/achim/a5fda5_de568daafe0e4e5ea629434025b7ff28.jpg,Windows,Blinds,Mini Blinds,GII Morningstar 1in,,
Blinds,ACH-BLIND-MORNINGSTAR,GII CORDLESS Morningstar 1in Light Filtering Vinyl Mini Blind,36x64,White,6,0,8.88,images/achim/a5fda5_de568daafe0e4e5ea629434025b7ff28.jpg,Windows,Blinds,Mini Blinds,GII Morningstar 1in,,
Blinds,ACH-BLIND-MORNINGSTAR,GII CORDLESS Morningstar 1in Light Filtering Vinyl Mini Blind,36x64,Alabaster,6,0,8.88,images/achim/a5fda5_de568daafe0e4e5ea629434025b7ff28.jpg,Windows,Blinds,Mini Blinds,GII Morningstar 1in,,
Blinds,ACH-BLIND-MORNINGSTAR,GII CORDLESS Morningstar 1in Light Filtering Vinyl Mini Blind,36x64,Black,6,0,8.88,images/achim/a5fda5_de568daafe0e4e5ea629434025b7ff28.jpg,Windows,Blinds,Mini Blinds,GII Morningstar 1in,,
Blinds,ACH-BLIND-MORNINGSTAR,GII CORDLESS Morningstar 1in Light Filtering Vinyl Mini Blind,36x64,Woodtone,6,0,8.88,images/achim/a5fda5_de568daafe0e4e5ea629434025b7ff28.jpg,Windows,Blinds,Mini Blinds,GII Morningstar 1in,,
Blinds,ACH-BLIND-MORNINGSTAR,GII CORDLESS Morningstar 1in Light Filtering Vinyl Mini Blind,36x64,Grey,6,0,8.88,images/achim/a5fda5_de568daafe0e4e5ea629434025b7ff28.jpg,Windows,Blinds,Mini Blinds,GII Morningstar 1in,,
Blinds,ACH-BLIND-MORNINGSTAR,GII CORDLESS Morningstar 1in Light Filtering Vinyl Mini Blind,37x64,White,4,0,9.40,images/achim/a5fda5_de568daafe0e4e5ea629434025b7ff28.jpg,Windows,Blinds,Mini Blinds,GII Morningstar 1in,,
Blinds,ACH-BLIND-MORNINGSTAR,GII CORDLESS Morningstar 1in Light Filtering Vinyl Mini Blind,37x64,Alabaster,4,0,9.40,images/achim/a5fda5_de568daafe0e4e5ea629434025b7ff28.jpg,Windows,Blinds,Mini Blinds,GII Morningstar 1in,,
Blinds,ACH-BLIND-MORNINGSTAR,GII CORDLESS Morningstar 1in Light Filtering Vinyl Mini Blind,37x64,Black,4,0,9.40,images/achim/a5fda5_de568daafe0e4e5ea629434025b7ff28.jpg,Windows,Blinds,Mini Blinds,GII Morningstar 1in,,
Blinds,ACH-BLIND-MORNINGSTAR,GII CORDLESS Morningstar 1in Light Filtering Vinyl Mini Blind,37x64,Woodtone,4,0,9.40,images/achim/a5fda5_de568daafe0e4e5ea629434025b7ff28.jpg,Windows,Blinds,Mini Blinds,GII Morningstar 1in,,
Blinds,ACH-BLIND-MORNINGSTAR,GII CORDLESS Morningstar 1in Light Filtering Vinyl Mini Blind,37x64,Grey,4,0,9.40,images/achim/a5fda5_de568daafe0e4e5ea629434025b7ff28.jpg,Windows,Blinds,Mini Blinds,GII Morningstar 1in,,
Blinds,ACH-BLIND-MORNINGSTAR,GII CORDLESS Morningstar 1in Light Filtering Vinyl Mini Blind,38x64,White,4,0,9.65,images/achim/a5fda5_de568daafe0e4e5ea629434025b7ff28.jpg,Windows,Blinds,Mini Blinds,GII Morningstar 1in,,
Blinds,ACH-BLIND-MORNINGSTAR,GII CORDLESS Morningstar 1in Light Filtering Vinyl Mini Blind,38x64,Alabaster,4,0,9.65,images/achim/a5fda5_de568daafe0e4e5ea629434025b7ff28.jpg,Windows,Blinds,Mini Blinds,GII Morningstar 1in,,
Blinds,ACH-BLIND-MORNINGSTAR,GII CORDLESS Morningstar 1in Light Filtering Vinyl Mini Blind,38x64,Black,4,0,9.65,images/achim/a5fda5_de568daafe0e4e5ea629434025b7ff28.jpg,Windows,Blinds,Mini Blinds,GII Morningstar 1in,,
Blinds,ACH-BLIND-MORNINGSTAR,GII CORDLESS Morningstar 1in Light Filtering Vinyl Mini Blind,38x64,Woodtone,4,0,9.65,images/achim/a5fda5_de568daafe0e4e5ea629434025b7ff28.jpg,Windows,Blinds,Mini Blinds,GII Morningstar 1in,,
Blinds,ACH-BLIND-MORNINGSTAR,GII CORDLESS Morningstar 1in Light Filtering Vinyl Mini Blind,38x64,Grey,4,0,9.65,images/achim/a5fda5_de568daafe0e4e5ea629434025b7ff28.jpg,Windows,Blinds,Mini Blinds,GII Morningstar 1in,,
Blinds,ACH-BLIND-MORNINGSTAR,GII CORDLESS Morningstar 1in Light Filtering Vinyl Mini Blind,39x64,White,4,0,9.90,images/achim/a5fda5_de568daafe0e4e5ea629434025b7ff28.jpg,Windows,Blinds,Mini Blinds,GII Morningstar 1in,,
Blinds,ACH-BLIND-MORNINGSTAR,GII CORDLESS Morningstar 1in Light Filtering Vinyl Mini Blind,39x64,Alabaster,4,0,9.90,images/achim/a5fda5_de568daafe0e4e5ea629434025b7ff28.jpg,Windows,Blinds,Mini Blinds,GII Morningstar 1in,,
Blinds,ACH-BLIND-MORNINGSTAR,GII CORDLESS Morningstar 1in Light Filtering Vinyl Mini Blind,39x64,Black,4,0,9.90,images/achim/a5fda5_de568daafe0e4e5ea629434025b7ff28.jpg,Windows,Blinds,Mini Blinds,GII Morningstar 1in,,
Blinds,ACH-BLIND-MORNINGSTAR,GII CORDLESS Morningstar 1in Light Filtering Vinyl Mini Blind,39x64,Woodtone,4,0,9.90,images/achim/a5fda5_de568daafe0e4e5ea629434025b7ff28.jpg,Windows,Blinds,Mini Blinds,GII Morningstar 1in,,
Blinds,ACH-BLIND-MORNINGSTAR,GII CORDLESS Morningstar 1in Light Filtering Vinyl Mini Blind,39x64,Grey,4,0,9.90,images/achim/a5fda5_de568daafe0e4e5ea629434025b7ff28.jpg,Windows,Blinds,Mini Blinds,GII Morningstar 1in,,
Blinds,ACH-BLIND-MORNINGSTAR,GII CORDLESS Morningstar 1in Light Filtering Vinyl Mini Blind,40x64,White,4,0,10.19,images/achim/a5fda5_de568daafe0e4e5ea629434025b7ff28.jpg,Windows,Blinds,Mini Blinds,GII Morningstar 1in,,
Blinds,ACH-BLIND-MORNINGSTAR,GII CORDLESS Morningstar 1in Light Filtering Vinyl Mini Blind,40x64,Alabaster,4,0,10.19,images/achim/a5fda5_de568daafe0e4e5ea629434025b7ff28.jpg,Windows,Blinds,Mini Blinds,GII Morningstar 1in,,
Blinds,ACH-BLIND-MORNINGSTAR,GII CORDLESS Morningstar 1in Light Filtering Vinyl Mini Blind,40x64,Black,4,0,10.19,images/achim/a5fda5_de568daafe0e4e5ea629434025b7ff28.jpg,Windows,Blinds,Mini Blinds,GII Morningstar 1in,,
Blinds,ACH-BLIND-MORNINGSTAR,GII CORDLESS Morningstar 1in Light Filtering Vinyl Mini Blind,40x64,Woodtone,4,0,10.19,images/achim/a5fda5_de568daafe0e4e5ea629434025b7ff28.jpg,Windows,Blinds,Mini Blinds,GII Morningstar 1in,,
Blinds,ACH-BLIND-MORNINGSTAR,GII CORDLESS Morningstar 1in Light Filtering Vinyl Mini Blind,40x64,Grey,4,0,10.19,images/achim/a5fda5_de568daafe0e4e5ea629434025b7ff28.jpg,Windows,Blinds,Mini Blinds,GII Morningstar 1in,,
Blinds,ACH-BLIND-MORNINGSTAR,GII CORDLESS Morningstar 1in Light Filtering Vinyl Mini Blind,41x64,White,4,0,10.45,images/achim/a5fda5_de568daafe0e4e5ea629434025b7ff28.jpg,Windows,Blinds,Mini Blinds,GII Morningstar 1in,,
Blinds,ACH-BLIND-MORNINGSTAR,GII CORDLESS Morningstar 1in Light Filtering Vinyl Mini Blind,41x64,Alabaster,4,0,10.45,images/achim/a5fda5_de568daafe0e4e5ea629434025b7ff28.jpg,Windows,Blinds,Mini Blinds,GII Morningstar 1in,,
Blinds,ACH-BLIND-MORNINGSTAR,GII CORDLESS Morningstar 1in Light Filtering Vinyl Mini Blind,41x64,Black,4,0,10.45,images/achim/a5fda5_de568daafe0e4e5ea629434025b7ff28.jpg,Windows,Blinds,Mini Blinds,GII Morningstar 1in,,
Blinds,ACH-BLIND-MORNINGSTAR,GII CORDLESS Morningstar 1in Light Filtering Vinyl Mini Blind,41x64,Woodtone,4,0,10.45,images/achim/a5fda5_de568daafe0e4e5ea629434025b7ff28.jpg,Windows,Blinds,Mini Blinds,GII Morningstar 1in,,
Blinds,ACH-BLIND-MORNINGSTAR,GII CORDLESS Morningstar 1in Light Filtering Vinyl Mini Blind,41x64,Grey,4,0,10.45,images/achim/a5fda5_de568daafe0e4e5ea629434025b7ff28.jpg,Windows,Blinds,Mini Blinds,GII Morningstar 1in,,
Blinds,ACH-BLIND-MORNINGSTAR,GII CORDLESS Morningstar 1in Light Filtering Vinyl Mini Blind,42x64,White,4,0,10.70,images/achim/a5fda5_de568daafe0e4e5ea629434025b7ff28.jpg,Windows,Blinds,Mini Blinds,GII Morningstar 1in,,
Blinds,ACH-BLIND-MORNINGSTAR,GII CORDLESS Morningstar 1in Light Filtering Vinyl Mini Blind,42x64,Alabaster,4,0,10.70,images/achim/a5fda5_de568daafe0e4e5ea629434025b7ff28.jpg,Windows,Blinds,Mini Blinds,GII Morningstar 1in,,
Blinds,ACH-BLIND-MORNINGSTAR,GII CORDLESS Morningstar 1in Light Filtering Vinyl Mini Blind,42x64,Black,4,0,10.70,images/achim/a5fda5_de568daafe0e4e5ea629434025b7ff28.jpg,Windows,Blinds,Mini Blinds,GII Morningstar 1in,,
Blinds,ACH-BLIND-MORNINGSTAR,GII CORDLESS Morningstar 1in Light Filtering Vinyl Mini Blind,42x64,Woodtone,4,0,10.70,images/achim/a5fda5_de568daafe0e4e5ea629434025b7ff28.jpg,Windows,Blinds,Mini Blinds,GII Morningstar 1in,,
Blinds,ACH-BLIND-MORNINGSTAR,GII CORDLESS Morningstar 1in Light Filtering Vinyl Mini Blind,42x64,Grey,4,0,10.70,images/achim/a5fda5_de568daafe0e4e5ea629434025b7ff28.jpg,Windows,Blinds,Mini Blinds,GII Morningstar 1in,,
Blinds,ACH-BLIND-MORNINGSTAR,GII CORDLESS Morningstar 1in Light Filtering Vinyl Mini Blind,43x64,White,4,0,10.95,images/achim/a5fda5_de568daafe0e4e5ea629434025b7ff28.jpg,Windows,Blinds,Mini Blinds,GII Morningstar 1in,,
Blinds,ACH-BLIND-MORNINGSTAR,GII CORDLESS Morningstar 1in Light Filtering Vinyl Mini Blind,43x64,Alabaster,4,0,10.95,images/achim/a5fda5_de568daafe0e4e5ea629434025b7ff28.jpg,Windows,Blinds,Mini Blinds,GII Morningstar 1in,,
Blinds,ACH-BLIND-MORNINGSTAR,GII CORDLESS Morningstar 1in Light Filtering Vinyl Mini Blind,43x64,Black,4,0,10.95,images/achim/a5fda5_de568daafe0e4e5ea629434025b7ff28.jpg,Windows,Blinds,Mini Blinds,GII Morningstar 1in,,
Blinds,ACH-BLIND-MORNINGSTAR,GII CORDLESS Morningstar 1in Light Filtering Vinyl Mini Blind,43x64,Woodtone,4,0,10.95,images/achim/a5fda5_de568daafe0e4e5ea629434025b7ff28.jpg,Windows,Blinds,Mini Blinds,GII Morningstar 1in,,
Blinds,ACH-BLIND-MORNINGSTAR,GII CORDLESS Morningstar 1in Light Filtering Vinyl Mini Blind,43x64,Grey,4,0,10.95,images/achim/a5fda5_de568daafe0e4e5ea629434025b7ff28.jpg,Windows,Blinds,Mini Blinds,GII Morningstar 1in,,
Blinds,ACH-BLIND-MORNINGSTAR,GII CORDLESS Morningstar 1in Light Filtering Vinyl Mini Blind,44x64,White,4,0,11.20,images/achim/a5fda5_de568daafe0e4e5ea629434025b7ff28.jpg,Windows,Blinds,Mini Blinds,GII Morningstar 1in,,
Blinds,ACH-BLIND-MORNINGSTAR,GII CORDLESS Morningstar 1in Light Filtering Vinyl Mini Blind,44x64,Alabaster,4,0,11.20,images/achim/a5fda5_de568daafe0e4e5ea629434025b7ff28.jpg,Windows,Blinds,Mini Blinds,GII Morningstar 1in,,
Blinds,ACH-BLIND-MORNINGSTAR,GII CORDLESS Morningstar 1in Light Filtering Vinyl Mini Blind,44x64,Black,4,0,11.20,images/achim/a5fda5_de568daafe0e4e5ea629434025b7ff28.jpg,Windows,Blinds,Mini Blinds,GII Morningstar 1in,,
Blinds,ACH-BLIND-MORNINGSTAR,GII CORDLESS Morningstar 1in Light Filtering Vinyl Mini Blind,44x64,Woodtone,4,0,11.20,images/achim/a5fda5_de568daafe0e4e5ea629434025b7ff28.jpg,Windows,Blinds,Mini Blinds,GII Morningstar 1in,,
Blinds,ACH-BLIND-MORNINGSTAR,GII CORDLESS Morningstar 1in Light Filtering Vinyl Mini Blind,44x64,Grey,4,0,11.20,images/achim/a5fda5_de568daafe0e4e5ea629434025b7ff28.jpg,Windows,Blinds,Mini Blinds,GII Morningstar 1in,,
Blinds,ACH-BLIND-MORNINGSTAR,GII CORDLESS Morningstar 1in Light Filtering Vinyl Mini Blind,45x64,White,4,0,11.45,images/achim/a5fda5_de568daafe0e4e5ea629434025b7ff28.jpg,Windows,Blinds,Mini Blinds,GII Morningstar 1in,,
Blinds,ACH-BLIND-MORNINGSTAR,GII CORDLESS Morningstar 1in Light Filtering Vinyl Mini Blind,45x64,Alabaster,4,0,11.45,images/achim/a5fda5_de568daafe0e4e5ea629434025b7ff28.jpg,Windows,Blinds,Mini Blinds,GII Morningstar 1in,,
Blinds,ACH-BLIND-MORNINGSTAR,GII CORDLESS Morningstar 1in Light Filtering Vinyl Mini Blind,45x64,Black,4,0,11.45,images/achim/a5fda5_de568daafe0e4e5ea629434025b7ff28.jpg,Windows,Blinds,Mini Blinds,GII Morningstar 1in,,
Blinds,ACH-BLIND-MORNINGSTAR,GII CORDLESS Morningstar 1in Light Filtering Vinyl Mini Blind,45x64,Woodtone,4,0,11.45,images/achim/a5fda5_de568daafe0e4e5ea629434025b7ff28.jpg,Windows,Blinds,Mini Blinds,GII Morningstar 1in,,
Blinds,ACH-BLIND-MORNINGSTAR,GII CORDLESS Morningstar 1in Light Filtering Vinyl Mini Blind,45x64,Grey,4,0,11.45,images/achim/a5fda5_de568daafe0e4e5ea629434025b7ff28.jpg,Windows,Blinds,Mini Blinds,GII Morningstar 1in,,
Blinds,ACH-BLIND-MORNINGSTAR,GII CORDLESS Morningstar 1in Light Filtering Vinyl Mini Blind,46x64,White,4,0,11.70,images/achim/a5fda5_de568daafe0e4e5ea629434025b7ff28.jpg,Windows,Blinds,Mini Blinds,GII Morningstar 1in,,
Blinds,ACH-BLIND-MORNINGSTAR,GII CORDLESS Morningstar 1in Light Filtering Vinyl Mini Blind,46x64,Alabaster,4,0,11.70,images/achim/a5fda5_de568daafe0e4e5ea629434025b7ff28.jpg,Windows,Blinds,Mini Blinds,GII Morningstar 1in,,
Blinds,ACH-BLIND-MORNINGSTAR,GII CORDLESS Morningstar 1in Light Filtering Vinyl Mini Blind,46x64,Black,4,0,11.70,images/achim/a5fda5_de568daafe0e4e5ea629434025b7ff28.jpg,Windows,Blinds,Mini Blinds,GII Morningstar 1in,,
Blinds,ACH-BLIND-MORNINGSTAR,GII CORDLESS Morningstar 1in Light Filtering Vinyl Mini Blind,46x64,Woodtone,4,0,11.70,images/achim/a5fda5_de568daafe0e4e5ea629434025b7ff28.jpg,Windows,Blinds,Mini Blinds,GII Morningstar 1in,,
Blinds,ACH-BLIND-MORNINGSTAR,GII CORDLESS Morningstar 1in Light Filtering Vinyl Mini Blind,46x64,Grey,4,0,11.70,images/achim/a5fda5_de568daafe0e4e5ea629434025b7ff28.jpg,Windows,Blinds,Mini Blinds,GII Morningstar 1in,,
Blinds,ACH-BLIND-MORNINGSTAR,GII CORDLESS Morningstar 1in Light Filtering Vinyl Mini Blind,47x64,White,4,0,11.95,images/achim/a5fda5_de568daafe0e4e5ea629434025b7ff28.jpg,Windows,Blinds,Mini Blinds,GII Morningstar 1in,,
Blinds,ACH-BLIND-MORNINGSTAR,GII CORDLESS Morningstar 1in Light Filtering Vinyl Mini Blind,47x64,Alabaster,4,0,11.95,images/achim/a5fda5_de568daafe0e4e5ea629434025b7ff28.jpg,Windows,Blinds,Mini Blinds,GII Morningstar 1in,,
Blinds,ACH-BLIND-MORNINGSTAR,GII CORDLESS Morningstar 1in Light Filtering Vinyl Mini Blind,47x64,Black,4,0,11.95,images/achim/a5fda5_de568daafe0e4e5ea629434025b7ff28.jpg,Windows,Blinds,Mini Blinds,GII Morningstar 1in,,
Blinds,ACH-BLIND-MORNINGSTAR,GII CORDLESS Morningstar 1in Light Filtering Vinyl Mini Blind,47x64,Woodtone,4,0,11.95,images/achim/a5fda5_de568daafe0e4e5ea629434025b7ff28.jpg,Windows,Blinds,Mini Blinds,GII Morningstar 1in,,
Blinds,ACH-BLIND-MORNINGSTAR,GII CORDLESS Morningstar 1in Light Filtering Vinyl Mini Blind,47x64,Grey,4,0,11.95,images/achim/a5fda5_de568daafe0e4e5ea629434025b7ff28.jpg,Windows,Blinds,Mini Blinds,GII Morningstar 1in,,
Blinds,ACH-BLIND-MORNINGSTAR,GII CORDLESS Morningstar 1in Light Filtering Vinyl Mini Blind,48x64,White,4,0,12.20,images/achim/a5fda5_de568daafe0e4e5ea629434025b7ff28.jpg,Windows,Blinds,Mini Blinds,GII Morningstar 1in,,
Blinds,ACH-BLIND-MORNINGSTAR,GII CORDLESS Morningstar 1in Light Filtering Vinyl Mini Blind,48x64,Alabaster,4,0,12.20,images/achim/a5fda5_de568daafe0e4e5ea629434025b7ff28.jpg,Windows,Blinds,Mini Blinds,GII Morningstar 1in,,
Blinds,ACH-BLIND-MORNINGSTAR,GII CORDLESS Morningstar 1in Light Filtering Vinyl Mini Blind,48x64,Black,4,0,12.20,images/achim/a5fda5_de568daafe0e4e5ea629434025b7ff28.jpg,Windows,Blinds,Mini Blinds,GII Morningstar 1in,,
Blinds,ACH-BLIND-MORNINGSTAR,GII CORDLESS Morningstar 1in Light Filtering Vinyl Mini Blind,48x64,Woodtone,4,0,12.20,images/achim/a5fda5_de568daafe0e4e5ea629434025b7ff28.jpg,Windows,Blinds,Mini Blinds,GII Morningstar 1in,,
Blinds,ACH-BLIND-MORNINGSTAR,GII CORDLESS Morningstar 1in Light Filtering Vinyl Mini Blind,48x64,Grey,4,0,12.20,images/achim/a5fda5_de568daafe0e4e5ea629434025b7ff28.jpg,Windows,Blinds,Mini Blinds,GII Morningstar 1in,,
Blinds,ACH-BLIND-MORNINGSTAR,GII CORDLESS Morningstar 1in Light Filtering Vinyl Mini Blind,52x64,White,4,0,13.20,images/achim/a5fda5_de568daafe0e4e5ea629434025b7ff28.jpg,Windows,Blinds,Mini Blinds,GII Morningstar 1in,,
Blinds,ACH-BLIND-MORNINGSTAR,GII CORDLESS Morningstar 1in Light Filtering Vinyl Mini Blind,52x64,Alabaster,4,0,13.20,images/achim/a5fda5_de568daafe0e4e5ea629434025b7ff28.jpg,Windows,Blinds,Mini Blinds,GII Morningstar 1in,,
Blinds,ACH-BLIND-MORNINGSTAR,GII CORDLESS Morningstar 1in Light Filtering Vinyl Mini Blind,52x64,Black,4,0,13.20,images/achim/a5fda5_de568daafe0e4e5ea629434025b7ff28.jpg,Windows,Blinds,Mini Blinds,GII Morningstar 1in,,
Blinds,ACH-BLIND-MORNINGSTAR,GII CORDLESS Morningstar 1in Light Filtering Vinyl Mini Blind,52x64,Woodtone,4,0,13.20,images/achim/a5fda5_de568daafe0e4e5ea629434025b7ff28.jpg,Windows,Blinds,Mini Blinds,GII Morningstar 1in,,
Blinds,ACH-BLIND-MORNINGSTAR,GII CORDLESS Morningstar 1in Light Filtering Vinyl Mini Blind,52x64,Grey,4,0,13.20,images/achim/a5fda5_de568daafe0e4e5ea629434025b7ff28.jpg,Windows,Blinds,Mini Blinds,GII Morningstar 1in,,
Blinds,ACH-BLIND-MORNINGSTAR,GII CORDLESS Morningstar 1in Light Filtering Vinyl Mini Blind,54x64,White,4,0,13.70,images/achim/a5fda5_de568daafe0e4e5ea629434025b7ff28.jpg,Windows,Blinds,Mini Blinds,GII Morningstar 1in,,
Blinds,ACH-BLIND-MORNINGSTAR,GII CORDLESS Morningstar 1in Light Filtering Vinyl Mini Blind,54x64,Alabaster,4,0,13.70,images/achim/a5fda5_de568daafe0e4e5ea629434025b7ff28.jpg,Windows,Blinds,Mini Blinds,GII Morningstar 1in,,
Blinds,ACH-BLIND-MORNINGSTAR,GII CORDLESS Morningstar 1in Light Filtering Vinyl Mini Blind,54x64,Black,4,0,13.70,images/achim/a5fda5_de568daafe0e4e5ea629434025b7ff28.jpg,Windows,Blinds,Mini Blinds,GII Morningstar 1in,,
Blinds,ACH-BLIND-MORNINGSTAR,GII CORDLESS Morningstar 1in Light Filtering Vinyl Mini Blind,54x64,Woodtone,4,0,13.70,images/achim/a5fda5_de568daafe0e4e5ea629434025b7ff28.jpg,Windows,Blinds,Mini Blinds,GII Morningstar 1in,,
Blinds,ACH-BLIND-MORNINGSTAR,GII CORDLESS Morningstar 1in Light Filtering Vinyl Mini Blind,54x64,Grey,4,0,13.70,images/achim/a5fda5_de568daafe0e4e5ea629434025b7ff28.jpg,Windows,Blinds,Mini Blinds,GII Morningstar 1in,,
Blinds,ACH-BLIND-MORNINGSTAR,GII CORDLESS Morningstar 1in Light Filtering Vinyl Mini Blind,57x64,White,4,0,14.10,images/achim/a5fda5_de568daafe0e4e5ea629434025b7ff28.jpg,Windows,Blinds,Mini Blinds,GII Morningstar 1in,,
Blinds,ACH-BLIND-MORNINGSTAR,GII CORDLESS Morningstar 1in Light Filtering Vinyl Mini Blind,57x64,Alabaster,4,0,14.10,images/achim/a5fda5_de568daafe0e4e5ea629434025b7ff28.jpg,Windows,Blinds,Mini Blinds,GII Morningstar 1in,,
Blinds,ACH-BLIND-MORNINGSTAR,GII CORDLESS Morningstar 1in Light Filtering Vinyl Mini Blind,57x64,Black,4,0,14.10,images/achim/a5fda5_de568daafe0e4e5ea629434025b7ff28.jpg,Windows,Blinds,Mini Blinds,GII Morningstar 1in,,
Blinds,ACH-BLIND-MORNINGSTAR,GII CORDLESS Morningstar 1in Light Filtering Vinyl Mini Blind,57x64,Woodtone,4,0,14.10,images/achim/a5fda5_de568daafe0e4e5ea629434025b7ff28.jpg,Windows,Blinds,Mini Blinds,GII Morningstar 1in,,
Blinds,ACH-BLIND-MORNINGSTAR,GII CORDLESS Morningstar 1in Light Filtering Vinyl Mini Blind,57x64,Grey,4,0,14.10,images/achim/a5fda5_de568daafe0e4e5ea629434025b7ff28.jpg,Windows,Blinds,Mini Blinds,GII Morningstar 1in,,
Blinds,ACH-BLIND-MORNINGSTAR,GII CORDLESS Morningstar 1in Light Filtering Vinyl Mini Blind,58x64,White,4,0,14.69,images/achim/a5fda5_de568daafe0e4e5ea629434025b7ff28.jpg,Windows,Blinds,Mini Blinds,GII Morningstar 1in,,
Blinds,ACH-BLIND-MORNINGSTAR,GII CORDLESS Morningstar 1in Light Filtering Vinyl Mini Blind,58x64,Alabaster,4,0,14.69,images/achim/a5fda5_de568daafe0e4e5ea629434025b7ff28.jpg,Windows,Blinds,Mini Blinds,GII Morningstar 1in,,
Blinds,ACH-BLIND-MORNINGSTAR,GII CORDLESS Morningstar 1in Light Filtering Vinyl Mini Blind,58x64,Black,4,0,14.69,images/achim/a5fda5_de568daafe0e4e5ea629434025b7ff28.jpg,Windows,Blinds,Mini Blinds,GII Morningstar 1in,,
Blinds,ACH-BLIND-MORNINGSTAR,GII CORDLESS Morningstar 1in Light Filtering Vinyl Mini Blind,58x64,Woodtone,4,0,14.69,images/achim/a5fda5_de568daafe0e4e5ea629434025b7ff28.jpg,Windows,Blinds,Mini Blinds,GII Morningstar 1in,,
Blinds,ACH-BLIND-MORNINGSTAR,GII CORDLESS Morningstar 1in Light Filtering Vinyl Mini Blind,58x64,Grey,4,0,14.69,images/achim/a5fda5_de568daafe0e4e5ea629434025b7ff28.jpg,Windows,Blinds,Mini Blinds,GII Morningstar 1in,,
Blinds,ACH-BLIND-MORNINGSTAR,GII CORDLESS Morningstar 1in Light Filtering Vinyl Mini Blind,59x64,White,4,0,14.98,images/achim/a5fda5_de568daafe0e4e5ea629434025b7ff28.jpg,Windows,Blinds,Mini Blinds,GII Morningstar 1in,,
Blinds,ACH-BLIND-MORNINGSTAR,GII CORDLESS Morningstar 1in Light Filtering Vinyl Mini Blind,59x64,Alabaster,4,0,14.98,images/achim/a5fda5_de568daafe0e4e5ea629434025b7ff28.jpg,Windows,Blinds,Mini Blinds,GII Morningstar 1in,,
Blinds,ACH-BLIND-MORNINGSTAR,GII CORDLESS Morningstar 1in Light Filtering Vinyl Mini Blind,59x64,Black,4,0,14.98,images/achim/a5fda5_de568daafe0e4e5ea629434025b7ff28.jpg,Windows,Blinds,Mini Blinds,GII Morningstar 1in,,
Blinds,ACH-BLIND-MORNINGSTAR,GII CORDLESS Morningstar 1in Light Filtering Vinyl Mini Blind,59x64,Woodtone,4,0,14.98,images/achim/a5fda5_de568daafe0e4e5ea629434025b7ff28.jpg,Windows,Blinds,Mini Blinds,GII Morningstar 1in,,
Blinds,ACH-BLIND-MORNINGSTAR,GII CORDLESS Morningstar 1in Light Filtering Vinyl Mini Blind,59x64,Grey,4,0,14.98,images/achim/a5fda5_de568daafe0e4e5ea629434025b7ff28.jpg,Windows,Blinds,Mini Blinds,GII Morningstar 1in,,
Blinds,ACH-BLIND-MORNINGSTAR,GII CORDLESS Morningstar 1in Light Filtering Vinyl Mini Blind,60x64,White,4,0,15.25,images/achim/a5fda5_de568daafe0e4e5ea629434025b7ff28.jpg,Windows,Blinds,Mini Blinds,GII Morningstar 1in,,
Blinds,ACH-BLIND-MORNINGSTAR,GII CORDLESS Morningstar 1in Light Filtering Vinyl Mini Blind,60x64,Alabaster,4,0,15.25,images/achim/a5fda5_de568daafe0e4e5ea629434025b7ff28.jpg,Windows,Blinds,Mini Blinds,GII Morningstar 1in,,
Blinds,ACH-BLIND-MORNINGSTAR,GII CORDLESS Morningstar 1in Light Filtering Vinyl Mini Blind,60x64,Black,4,0,15.25,images/achim/a5fda5_de568daafe0e4e5ea629434025b7ff28.jpg,Windows,Blinds,Mini Blinds,GII Morningstar 1in,,
Blinds,ACH-BLIND-MORNINGSTAR,GII CORDLESS Morningstar 1in Light Filtering Vinyl Mini Blind,60x64,Woodtone,4,0,15.25,images/achim/a5fda5_de568daafe0e4e5ea629434025b7ff28.jpg,Windows,Blinds,Mini Blinds,GII Morningstar 1in,,
Blinds,ACH-BLIND-MORNINGSTAR,GII CORDLESS Morningstar 1in Light Filtering Vinyl Mini Blind,60x64,Grey,4,0,15.25,images/achim/a5fda5_de568daafe0e4e5ea629434025b7ff28.jpg,Windows,Blinds,Mini Blinds,GII Morningstar 1in,,
Blinds,ACH-BLIND-MORNINGSTAR,GII CORDLESS Morningstar 1in Light Filtering Vinyl Mini Blind,64x64,White,4,0,16.25,images/achim/a5fda5_de568daafe0e4e5ea629434025b7ff28.jpg,Windows,Blinds,Mini Blinds,GII Morningstar 1in,,
Blinds,ACH-BLIND-MORNINGSTAR,GII CORDLESS Morningstar 1in Light Filtering Vinyl Mini Blind,64x64,Alabaster,4,0,16.25,images/achim/a5fda5_de568daafe0e4e5ea629434025b7ff28.jpg,Windows,Blinds,Mini Blinds,GII Morningstar 1in,,
Blinds,ACH-BLIND-MORNINGSTAR,GII CORDLESS Morningstar 1in Light Filtering Vinyl Mini Blind,64x64,Black,4,0,16.25,images/achim/a5fda5_de568daafe0e4e5ea629434025b7ff28.jpg,Windows,Blinds,Mini Blinds,GII Morningstar 1in,,
Blinds,ACH-BLIND-MORNINGSTAR,GII CORDLESS Morningstar 1in Light Filtering Vinyl Mini Blind,64x64,Woodtone,4,0,16.25,images/achim/a5fda5_de568daafe0e4e5ea629434025b7ff28.jpg,Windows,Blinds,Mini Blinds,GII Morningstar 1in,,
Blinds,ACH-BLIND-MORNINGSTAR,GII CORDLESS Morningstar 1in Light Filtering Vinyl Mini Blind,64x64,Grey,4,0,16.25,images/achim/a5fda5_de568daafe0e4e5ea629434025b7ff28.jpg,Windows,Blinds,Mini Blinds,GII Morningstar 1in,,
Blinds,ACH-BLIND-MORNINGSTAR,GII CORDLESS Morningstar 1in Light Filtering Vinyl Mini Blind,70x64,White,4,0,17.75,images/achim/a5fda5_de568daafe0e4e5ea629434025b7ff28.jpg,Windows,Blinds,Mini Blinds,GII Morningstar 1in,,
Blinds,ACH-BLIND-MORNINGSTAR,GII CORDLESS Morningstar 1in Light Filtering Vinyl Mini Blind,70x64,Alabaster,4,0,17.75,images/achim/a5fda5_de568daafe0e4e5ea629434025b7ff28.jpg,Windows,Blinds,Mini Blinds,GII Morningstar 1in,,
Blinds,ACH-BLIND-MORNINGSTAR,GII CORDLESS Morningstar 1in Light Filtering Vinyl Mini Blind,70x64,Black,4,0,17.75,images/achim/a5fda5_de568daafe0e4e5ea629434025b7ff28.jpg,Windows,Blinds,Mini Blinds,GII Morningstar 1in,,
Blinds,ACH-BLIND-MORNINGSTAR,GII CORDLESS Morningstar 1in Light Filtering Vinyl Mini Blind,70x64,Woodtone,4,0,17.75,images/achim/a5fda5_de568daafe0e4e5ea629434025b7ff28.jpg,Windows,Blinds,Mini Blinds,GII Morningstar 1in,,
Blinds,ACH-BLIND-MORNINGSTAR,GII CORDLESS Morningstar 1in Light Filtering Vinyl Mini Blind,70x64,Grey,4,0,17.75,images/achim/a5fda5_de568daafe0e4e5ea629434025b7ff28.jpg,Windows,Blinds,Mini Blinds,GII Morningstar 1in,,
Blinds,ACH-BLIND-MORNINGSTAR,GII CORDLESS Morningstar 1in Light Filtering Vinyl Mini Blind,71x64,White,4,0,18.06,images/achim/a5fda5_de568daafe0e4e5ea629434025b7ff28.jpg,Windows,Blinds,Mini Blinds,GII Morningstar 1in,,
Blinds,ACH-BLIND-MORNINGSTAR,GII CORDLESS Morningstar 1in Light Filtering Vinyl Mini Blind,71x64,Alabaster,4,0,18.06,images/achim/a5fda5_de568daafe0e4e5ea629434025b7ff28.jpg,Windows,Blinds,Mini Blinds,GII Morningstar 1in,,
Blinds,ACH-BLIND-MORNINGSTAR,GII CORDLESS Morningstar 1in Light Filtering Vinyl Mini Blind,71x64,Black,4,0,18.06,images/achim/a5fda5_de568daafe0e4e5ea629434025b7ff28.jpg,Windows,Blinds,Mini Blinds,GII Morningstar 1in,,
Blinds,ACH-BLIND-MORNINGSTAR,GII CORDLESS Morningstar 1in Light Filtering Vinyl Mini Blind,71x64,Woodtone,4,0,18.06,images/achim/a5fda5_de568daafe0e4e5ea629434025b7ff28.jpg,Windows,Blinds,Mini Blinds,GII Morningstar 1in,,
Blinds,ACH-BLIND-MORNINGSTAR,GII CORDLESS Morningstar 1in Light Filtering Vinyl Mini Blind,71x64,Grey,4,0,18.06,images/achim/a5fda5_de568daafe0e4e5ea629434025b7ff28.jpg,Windows,Blinds,Mini Blinds,GII Morningstar 1in,,
Blinds,ACH-BLIND-MORNINGSTAR,GII CORDLESS Morningstar 1in Light Filtering Vinyl Mini Blind,72x64,White,4,0,18.25,images/achim/a5fda5_de568daafe0e4e5ea629434025b7ff28.jpg,Windows,Blinds,Mini Blinds,GII Morningstar 1in,,
Blinds,ACH-BLIND-MORNINGSTAR,GII CORDLESS Morningstar 1in Light Filtering Vinyl Mini Blind,72x64,Alabaster,4,0,18.25,images/achim/a5fda5_de568daafe0e4e5ea629434025b7ff28.jpg,Windows,Blinds,Mini Blinds,GII Morningstar 1in,,
Blinds,ACH-BLIND-MORNINGSTAR,GII CORDLESS Morningstar 1in Light Filtering Vinyl Mini Blind,72x64,Black,4,0,18.25,images/achim/a5fda5_de568daafe0e4e5ea629434025b7ff28.jpg,Windows,Blinds,Mini Blinds,GII Morningstar 1in,,
Blinds,ACH-BLIND-MORNINGSTAR,GII CORDLESS Morningstar 1in Light Filtering Vinyl Mini Blind,72x64,Woodtone,4,0,18.25,images/achim/a5fda5_de568daafe0e4e5ea629434025b7ff28.jpg,Windows,Blinds,Mini Blinds,GII Morningstar 1in,,
Blinds,ACH-BLIND-MORNINGSTAR,GII CORDLESS Morningstar 1in Light Filtering Vinyl Mini Blind,72x64,Grey,4,0,18.25,images/achim/a5fda5_de568daafe0e4e5ea629434025b7ff28.jpg,Windows,Blinds,Mini Blinds,GII Morningstar 1in,,
Blinds,ACH-BLIND-MORNINGSTAR,GII CORDLESS Morningstar 1in Light Filtering Vinyl Mini Blind,23x72,White,6,0,6.38,images/achim/a5fda5_de568daafe0e4e5ea629434025b7ff28.jpg,Windows,Blinds,Mini Blinds,GII Morningstar 1in,,
Blinds,ACH-BLIND-MORNINGSTAR,GII CORDLESS Morningstar 1in Light Filtering Vinyl Mini Blind,25x72,White,6,0,6.94,images/achim/a5fda5_de568daafe0e4e5ea629434025b7ff28.jpg,Windows,Blinds,Mini Blinds,GII Morningstar 1in,,
Blinds,ACH-BLIND-MORNINGSTAR,GII CORDLESS Morningstar 1in Light Filtering Vinyl Mini Blind,26x72,White,6,0,7.19,images/achim/a5fda5_de568daafe0e4e5ea629434025b7ff28.jpg,Windows,Blinds,Mini Blinds,GII Morningstar 1in,,
Blinds,ACH-BLIND-MORNINGSTAR,GII CORDLESS Morningstar 1in Light Filtering Vinyl Mini Blind,27x72,White,6,0,7.44,images/achim/a5fda5_de568daafe0e4e5ea629434025b7ff28.jpg,Windows,Blinds,Mini Blinds,GII Morningstar 1in,,
Blinds,ACH-BLIND-MORNINGSTAR,GII CORDLESS Morningstar 1in Light Filtering Vinyl Mini Blind,28x72,White,6,0,7.75,images/achim/a5fda5_de568daafe0e4e5ea629434025b7ff28.jpg,Windows,Blinds,Mini Blinds,GII Morningstar 1in,,
Blinds,ACH-BLIND-MORNINGSTAR,GII CORDLESS Morningstar 1in Light Filtering Vinyl Mini Blind,29x72,White,6,0,8.00,images/achim/a5fda5_de568daafe0e4e5ea629434025b7ff28.jpg,Windows,Blinds,Mini Blinds,GII Morningstar 1in,,
Blinds,ACH-BLIND-MORNINGSTAR,GII CORDLESS Morningstar 1in Light Filtering Vinyl Mini Blind,30x72,White,6,0,8.25,images/achim/a5fda5_de568daafe0e4e5ea629434025b7ff28.jpg,Windows,Blinds,Mini Blinds,GII Morningstar 1in,,
Blinds,ACH-BLIND-MORNINGSTAR,GII CORDLESS Morningstar 1in Light Filtering Vinyl Mini Blind,31x72,White,6,0,8.50,images/achim/a5fda5_de568daafe0e4e5ea629434025b7ff28.jpg,Windows,Blinds,Mini Blinds,GII Morningstar 1in,,
Blinds,ACH-BLIND-MORNINGSTAR,GII CORDLESS Morningstar 1in Light Filtering Vinyl Mini Blind,32x72,White,6,0,8.81,images/achim/a5fda5_de568daafe0e4e5ea629434025b7ff28.jpg,Windows,Blinds,Mini Blinds,GII Morningstar 1in,,
Blinds,ACH-BLIND-MORNINGSTAR,GII CORDLESS Morningstar 1in Light Filtering Vinyl Mini Blind,33x72,White,6,0,9.06,images/achim/a5fda5_de568daafe0e4e5ea629434025b7ff28.jpg,Windows,Blinds,Mini Blinds,GII Morningstar 1in,,
Blinds,ACH-BLIND-MORNINGSTAR,GII CORDLESS Morningstar 1in Light Filtering Vinyl Mini Blind,34x72,White,6,0,9.31,images/achim/a5fda5_de568daafe0e4e5ea629434025b7ff28.jpg,Windows,Blinds,Mini Blinds,GII Morningstar 1in,,
Blinds,ACH-BLIND-MORNINGSTAR,GII CORDLESS Morningstar 1in Light Filtering Vinyl Mini Blind,35x72,White,6,0,9.63,images/achim/a5fda5_de568daafe0e4e5ea629434025b7ff28.jpg,Windows,Blinds,Mini Blinds,GII Morningstar 1in,,
Blinds,ACH-BLIND-MORNINGSTAR,GII CORDLESS Morningstar 1in Light Filtering Vinyl Mini Blind,36x72,White,6,0,9.94,images/achim/a5fda5_de568daafe0e4e5ea629434025b7ff28.jpg,Windows,Blinds,Mini Blinds,GII Morningstar 1in,,
Blinds,ACH-BLIND-MORNINGSTAR,GII CORDLESS Morningstar 1in Light Filtering Vinyl Mini Blind,24x72,White,6,0,6.63,images/achim/a5fda5_de568daafe0e4e5ea629434025b7ff28.jpg,Windows,Blinds,Mini Blinds,GII Morningstar 1in,,
Blinds,ACH-BLIND-MORNINGSTAR,GII CORDLESS Morningstar 1in Light Filtering Vinyl Mini Blind,24x72,Alabaster,6,0,6.63,images/achim/a5fda5_de568daafe0e4e5ea629434025b7ff28.jpg,Windows,Blinds,Mini Blinds,GII Morningstar 1in,,
Blinds,ACH-BLIND-MORNINGSTAR,GII CORDLESS Morningstar 1in Light Filtering Vinyl Mini Blind,24x72,Black,6,0,6.63,images/achim/a5fda5_de568daafe0e4e5ea629434025b7ff28.jpg,Windows,Blinds,Mini Blinds,GII Morningstar 1in,,
Blinds,ACH-BLIND-MORNINGSTAR,GII CORDLESS Morningstar 1in Light Filtering Vinyl Mini Blind,24x72,Woodtone,6,0,6.63,images/achim/a5fda5_de568daafe0e4e5ea629434025b7ff28.jpg,Windows,Blinds,Mini Blinds,GII Morningstar 1in,,
Blinds,ACH-BLIND-MORNINGSTAR,GII CORDLESS Morningstar 1in Light Filtering Vinyl Mini Blind,24x72,Grey,6,0,6.63,images/achim/a5fda5_de568daafe0e4e5ea629434025b7ff28.jpg,Windows,Blinds,Mini Blinds,GII Morningstar 1in,,
Blinds,ACH-BLIND-MORNINGSTAR,GII CORDLESS Morningstar 1in Light Filtering Vinyl Mini Blind,39x72,White,4,0,11.69,images/achim/a5fda5_de568daafe0e4e5ea629434025b7ff28.jpg,Windows,Blinds,Mini Blinds,GII Morningstar 1in,,
Blinds,ACH-BLIND-MORNINGSTAR,GII CORDLESS Morningstar 1in Light Filtering Vinyl Mini Blind,39x72,Alabaster,4,0,11.69,images/achim/a5fda5_de568daafe0e4e5ea629434025b7ff28.jpg,Windows,Blinds,Mini Blinds,GII Morningstar 1in,,
Blinds,ACH-BLIND-MORNINGSTAR,GII CORDLESS Morningstar 1in Light Filtering Vinyl Mini Blind,39x72,Black,4,0,11.69,images/achim/a5fda5_de568daafe0e4e5ea629434025b7ff28.jpg,Windows,Blinds,Mini Blinds,GII Morningstar 1in,,
Blinds,ACH-BLIND-MORNINGSTAR,GII CORDLESS Morningstar 1in Light Filtering Vinyl Mini Blind,39x72,Woodtone,4,0,11.69,images/achim/a5fda5_de568daafe0e4e5ea629434025b7ff28.jpg,Windows,Blinds,Mini Blinds,GII Morningstar 1in,,
Blinds,ACH-BLIND-MORNINGSTAR,GII CORDLESS Morningstar 1in Light Filtering Vinyl Mini Blind,39x72,Grey,4,0,11.69,images/achim/a5fda5_de568daafe0e4e5ea629434025b7ff28.jpg,Windows,Blinds,Mini Blinds,GII Morningstar 1in,,
Blinds,ACH-BLIND-MORNINGSTAR,GII CORDLESS Morningstar 1in Light Filtering Vinyl Mini Blind,45x72,White,4,0,13.50,images/achim/a5fda5_de568daafe0e4e5ea629434025b7ff28.jpg,Windows,Blinds,Mini Blinds,GII Morningstar 1in,,
Blinds,ACH-BLIND-MORNINGSTAR,GII CORDLESS Morningstar 1in Light Filtering Vinyl Mini Blind,45x72,Alabaster,4,0,13.50,images/achim/a5fda5_de568daafe0e4e5ea629434025b7ff28.jpg,Windows,Blinds,Mini Blinds,GII Morningstar 1in,,
Blinds,ACH-BLIND-MORNINGSTAR,GII CORDLESS Morningstar 1in Light Filtering Vinyl Mini Blind,45x72,Black,4,0,13.50,images/achim/a5fda5_de568daafe0e4e5ea629434025b7ff28.jpg,Windows,Blinds,Mini Blinds,GII Morningstar 1in,,
Blinds,ACH-BLIND-MORNINGSTAR,GII CORDLESS Morningstar 1in Light Filtering Vinyl Mini Blind,45x72,Woodtone,4,0,13.50,images/achim/a5fda5_de568daafe0e4e5ea629434025b7ff28.jpg,Windows,Blinds,Mini Blinds,GII Morningstar 1in,,
Blinds,ACH-BLIND-MORNINGSTAR,GII CORDLESS Morningstar 1in Light Filtering Vinyl Mini Blind,45x72,Grey,4,0,13.50,images/achim/a5fda5_de568daafe0e4e5ea629434025b7ff28.jpg,Windows,Blinds,Mini Blinds,GII Morningstar 1in,,
Blinds,ACH-BLIND-MORNINGSTAR,GII CORDLESS Morningstar 1in Light Filtering Vinyl Mini Blind,46x72,White,4,0,13.81,images/achim/a5fda5_de568daafe0e4e5ea629434025b7ff28.jpg,Windows,Blinds,Mini Blinds,GII Morningstar 1in,,
Blinds,ACH-BLIND-MORNINGSTAR,GII CORDLESS Morningstar 1in Light Filtering Vinyl Mini Blind,46x72,Alabaster,4,0,13.81,images/achim/a5fda5_de568daafe0e4e5ea629434025b7ff28.jpg,Windows,Blinds,Mini Blinds,GII Morningstar 1in,,
Blinds,ACH-BLIND-MORNINGSTAR,GII CORDLESS Morningstar 1in Light Filtering Vinyl Mini Blind,46x72,Black,4,0,13.81,images/achim/a5fda5_de568daafe0e4e5ea629434025b7ff28.jpg,Windows,Blinds,Mini Blinds,GII Morningstar 1in,,
Blinds,ACH-BLIND-MORNINGSTAR,GII CORDLESS Morningstar 1in Light Filtering Vinyl Mini Blind,46x72,Woodtone,4,0,13.81,images/achim/a5fda5_de568daafe0e4e5ea629434025b7ff28.jpg,Windows,Blinds,Mini Blinds,GII Morningstar 1in,,
Blinds,ACH-BLIND-MORNINGSTAR,GII CORDLESS Morningstar 1in Light Filtering Vinyl Mini Blind,46x72,Grey,4,0,13.81,images/achim/a5fda5_de568daafe0e4e5ea629434025b7ff28.jpg,Windows,Blinds,Mini Blinds,GII Morningstar 1in,,
Blinds,ACH-BLIND-MORNINGSTAR,GII CORDLESS Morningstar 1in Light Filtering Vinyl Mini Blind,48x72,White,4,0,14.44,images/achim/a5fda5_de568daafe0e4e5ea629434025b7ff28.jpg,Windows,Blinds,Mini Blinds,GII Morningstar 1in,,
Blinds,ACH-BLIND-MORNINGSTAR,GII CORDLESS Morningstar 1in Light Filtering Vinyl Mini Blind,48x72,Alabaster,4,0,14.44,images/achim/a5fda5_de568daafe0e4e5ea629434025b7ff28.jpg,Windows,Blinds,Mini Blinds,GII Morningstar 1in,,
Blinds,ACH-BLIND-MORNINGSTAR,GII CORDLESS Morningstar 1in Light Filtering Vinyl Mini Blind,48x72,Black,4,0,14.44,images/achim/a5fda5_de568daafe0e4e5ea629434025b7ff28.jpg,Windows,Blinds,Mini Blinds,GII Morningstar 1in,,
Blinds,ACH-BLIND-MORNINGSTAR,GII CORDLESS Morningstar 1in Light Filtering Vinyl Mini Blind,48x72,Woodtone,4,0,14.44,images/achim/a5fda5_de568daafe0e4e5ea629434025b7ff28.jpg,Windows,Blinds,Mini Blinds,GII Morningstar 1in,,
Blinds,ACH-BLIND-MORNINGSTAR,GII CORDLESS Morningstar 1in Light Filtering Vinyl Mini Blind,48x72,Grey,4,0,14.44,images/achim/a5fda5_de568daafe0e4e5ea629434025b7ff28.jpg,Windows,Blinds,Mini Blinds,GII Morningstar 1in,,
Blinds,ACH-BLIND-SUNDOWN,GII CORDLESS Deluxe Sundown 1in Room Darkening Vinyl Mini Blind,23x64,White,6,0,7.38,images/achim/aa8ff3_94bb59fcaf47418ea1f623e5dd1e95fe.jpg,Windows,Blinds,Mini Blinds,GII Deluxe Sundown 1in,,
Blinds,ACH-BLIND-SUNDOWN,GII CORDLESS Deluxe Sundown 1in Room Darkening Vinyl Mini Blind,23x64,Alabaster,6,0,7.38,images/achim/aa8ff3_94bb59fcaf47418ea1f623e5dd1e95fe.jpg,Windows,Blinds,Mini Blinds,GII Deluxe Sundown 1in,,
Blinds,ACH-BLIND-SUNDOWN,GII CORDLESS Deluxe Sundown 1in Room Darkening Vinyl Mini Blind,23x64,Black,6,0,7.38,images/achim/aa8ff3_94bb59fcaf47418ea1f623e5dd1e95fe.jpg,Windows,Blinds,Mini Blinds,GII Deluxe Sundown 1in,,
Blinds,ACH-BLIND-SUNDOWN,GII CORDLESS Deluxe Sundown 1in Room Darkening Vinyl Mini Blind,23x64,Mahogany,6,0,7.38,images/achim/aa8ff3_94bb59fcaf47418ea1f623e5dd1e95fe.jpg,Windows,Blinds,Mini Blinds,GII Deluxe Sundown 1in,,
Blinds,ACH-BLIND-SUNDOWN,GII CORDLESS Deluxe Sundown 1in Room Darkening Vinyl Mini Blind,23x64,Grey,6,0,7.38,images/achim/aa8ff3_94bb59fcaf47418ea1f623e5dd1e95fe.jpg,Windows,Blinds,Mini Blinds,GII Deluxe Sundown 1in,,
Blinds,ACH-BLIND-SUNDOWN,GII CORDLESS Deluxe Sundown 1in Room Darkening Vinyl Mini Blind,23x64,Latte,6,0,7.38,images/achim/aa8ff3_94bb59fcaf47418ea1f623e5dd1e95fe.jpg,Windows,Blinds,Mini Blinds,GII Deluxe Sundown 1in,,
Blinds,ACH-BLIND-SUNDOWN,GII CORDLESS Deluxe Sundown 1in Room Darkening Vinyl Mini Blind,27x64,White,6,0,8.63,images/achim/aa8ff3_94bb59fcaf47418ea1f623e5dd1e95fe.jpg,Windows,Blinds,Mini Blinds,GII Deluxe Sundown 1in,,
Blinds,ACH-BLIND-SUNDOWN,GII CORDLESS Deluxe Sundown 1in Room Darkening Vinyl Mini Blind,27x64,Alabaster,6,0,8.63,images/achim/aa8ff3_94bb59fcaf47418ea1f623e5dd1e95fe.jpg,Windows,Blinds,Mini Blinds,GII Deluxe Sundown 1in,,
Blinds,ACH-BLIND-SUNDOWN,GII CORDLESS Deluxe Sundown 1in Room Darkening Vinyl Mini Blind,27x64,Black,6,0,8.63,images/achim/aa8ff3_94bb59fcaf47418ea1f623e5dd1e95fe.jpg,Windows,Blinds,Mini Blinds,GII Deluxe Sundown 1in,,
Blinds,ACH-BLIND-SUNDOWN,GII CORDLESS Deluxe Sundown 1in Room Darkening Vinyl Mini Blind,27x64,Mahogany,6,0,8.63,images/achim/aa8ff3_94bb59fcaf47418ea1f623e5dd1e95fe.jpg,Windows,Blinds,Mini Blinds,GII Deluxe Sundown 1in,,
Blinds,ACH-BLIND-SUNDOWN,GII CORDLESS Deluxe Sundown 1in Room Darkening Vinyl Mini Blind,27x64,Grey,6,0,8.63,images/achim/aa8ff3_94bb59fcaf47418ea1f623e5dd1e95fe.jpg,Windows,Blinds,Mini Blinds,GII Deluxe Sundown 1in,,
Blinds,ACH-BLIND-SUNDOWN,GII CORDLESS Deluxe Sundown 1in Room Darkening Vinyl Mini Blind,27x64,Latte,6,0,8.63,images/achim/aa8ff3_94bb59fcaf47418ea1f623e5dd1e95fe.jpg,Windows,Blinds,Mini Blinds,GII Deluxe Sundown 1in,,
Blinds,ACH-BLIND-SUNDOWN,GII CORDLESS Deluxe Sundown 1in Room Darkening Vinyl Mini Blind,29x64,White,6,0,9.31,images/achim/aa8ff3_94bb59fcaf47418ea1f623e5dd1e95fe.jpg,Windows,Blinds,Mini Blinds,GII Deluxe Sundown 1in,,
Blinds,ACH-BLIND-SUNDOWN,GII CORDLESS Deluxe Sundown 1in Room Darkening Vinyl Mini Blind,29x64,Alabaster,6,0,9.31,images/achim/aa8ff3_94bb59fcaf47418ea1f623e5dd1e95fe.jpg,Windows,Blinds,Mini Blinds,GII Deluxe Sundown 1in,,
Blinds,ACH-BLIND-SUNDOWN,GII CORDLESS Deluxe Sundown 1in Room Darkening Vinyl Mini Blind,29x64,Black,6,0,9.31,images/achim/aa8ff3_94bb59fcaf47418ea1f623e5dd1e95fe.jpg,Windows,Blinds,Mini Blinds,GII Deluxe Sundown 1in,,
Blinds,ACH-BLIND-SUNDOWN,GII CORDLESS Deluxe Sundown 1in Room Darkening Vinyl Mini Blind,29x64,Mahogany,6,0,9.31,images/achim/aa8ff3_94bb59fcaf47418ea1f623e5dd1e95fe.jpg,Windows,Blinds,Mini Blinds,GII Deluxe Sundown 1in,,
Blinds,ACH-BLIND-SUNDOWN,GII CORDLESS Deluxe Sundown 1in Room Darkening Vinyl Mini Blind,29x64,Grey,6,0,9.31,images/achim/aa8ff3_94bb59fcaf47418ea1f623e5dd1e95fe.jpg,Windows,Blinds,Mini Blinds,GII Deluxe Sundown 1in,,
Blinds,ACH-BLIND-SUNDOWN,GII CORDLESS Deluxe Sundown 1in Room Darkening Vinyl Mini Blind,29x64,Latte,6,0,9.31,images/achim/aa8ff3_94bb59fcaf47418ea1f623e5dd1e95fe.jpg,Windows,Blinds,Mini Blinds,GII Deluxe Sundown 1in,,
Blinds,ACH-BLIND-SUNDOWN,GII CORDLESS Deluxe Sundown 1in Room Darkening Vinyl Mini Blind,30x64,White,6,0,9.63,images/achim/aa8ff3_94bb59fcaf47418ea1f623e5dd1e95fe.jpg,Windows,Blinds,Mini Blinds,GII Deluxe Sundown 1in,,
Blinds,ACH-BLIND-SUNDOWN,GII CORDLESS Deluxe Sundown 1in Room Darkening Vinyl Mini Blind,30x64,Alabaster,6,0,9.63,images/achim/aa8ff3_94bb59fcaf47418ea1f623e5dd1e95fe.jpg,Windows,Blinds,Mini Blinds,GII Deluxe Sundown 1in,,
Blinds,ACH-BLIND-SUNDOWN,GII CORDLESS Deluxe Sundown 1in Room Darkening Vinyl Mini Blind,30x64,Black,6,0,9.63,images/achim/aa8ff3_94bb59fcaf47418ea1f623e5dd1e95fe.jpg,Windows,Blinds,Mini Blinds,GII Deluxe Sundown 1in,,
Blinds,ACH-BLIND-SUNDOWN,GII CORDLESS Deluxe Sundown 1in Room Darkening Vinyl Mini Blind,30x64,Mahogany,6,0,9.63,images/achim/aa8ff3_94bb59fcaf47418ea1f623e5dd1e95fe.jpg,Windows,Blinds,Mini Blinds,GII Deluxe Sundown 1in,,
Blinds,ACH-BLIND-SUNDOWN,GII CORDLESS Deluxe Sundown 1in Room Darkening Vinyl Mini Blind,30x64,Grey,6,0,9.63,images/achim/aa8ff3_94bb59fcaf47418ea1f623e5dd1e95fe.jpg,Windows,Blinds,Mini Blinds,GII Deluxe Sundown 1in,,
Blinds,ACH-BLIND-SUNDOWN,GII CORDLESS Deluxe Sundown 1in Room Darkening Vinyl Mini Blind,30x64,Latte,6,0,9.63,images/achim/aa8ff3_94bb59fcaf47418ea1f623e5dd1e95fe.jpg,Windows,Blinds,Mini Blinds,GII Deluxe Sundown 1in,,
Blinds,ACH-BLIND-SUNDOWN,GII CORDLESS Deluxe Sundown 1in Room Darkening Vinyl Mini Blind,31x64,White,6,0,9.94,images/achim/aa8ff3_94bb59fcaf47418ea1f623e5dd1e95fe.jpg,Windows,Blinds,Mini Blinds,GII Deluxe Sundown 1in,,
Blinds,ACH-BLIND-SUNDOWN,GII CORDLESS Deluxe Sundown 1in Room Darkening Vinyl Mini Blind,31x64,Alabaster,6,0,9.94,images/achim/aa8ff3_94bb59fcaf47418ea1f623e5dd1e95fe.jpg,Windows,Blinds,Mini Blinds,GII Deluxe Sundown 1in,,
Blinds,ACH-BLIND-SUNDOWN,GII CORDLESS Deluxe Sundown 1in Room Darkening Vinyl Mini Blind,31x64,Black,6,0,9.94,images/achim/aa8ff3_94bb59fcaf47418ea1f623e5dd1e95fe.jpg,Windows,Blinds,Mini Blinds,GII Deluxe Sundown 1in,,
Blinds,ACH-BLIND-SUNDOWN,GII CORDLESS Deluxe Sundown 1in Room Darkening Vinyl Mini Blind,31x64,Mahogany,6,0,9.94,images/achim/aa8ff3_94bb59fcaf47418ea1f623e5dd1e95fe.jpg,Windows,Blinds,Mini Blinds,GII Deluxe Sundown 1in,,
Blinds,ACH-BLIND-SUNDOWN,GII CORDLESS Deluxe Sundown 1in Room Darkening Vinyl Mini Blind,31x64,Grey,6,0,9.94,images/achim/aa8ff3_94bb59fcaf47418ea1f623e5dd1e95fe.jpg,Windows,Blinds,Mini Blinds,GII Deluxe Sundown 1in,,
Blinds,ACH-BLIND-SUNDOWN,GII CORDLESS Deluxe Sundown 1in Room Darkening Vinyl Mini Blind,31x64,Latte,6,0,9.94,images/achim/aa8ff3_94bb59fcaf47418ea1f623e5dd1e95fe.jpg,Windows,Blinds,Mini Blinds,GII Deluxe Sundown 1in,,
Blinds,ACH-BLIND-SUNDOWN,GII CORDLESS Deluxe Sundown 1in Room Darkening Vinyl Mini Blind,32x64,White,6,0,10.25,images/achim/aa8ff3_94bb59fcaf47418ea1f623e5dd1e95fe.jpg,Windows,Blinds,Mini Blinds,GII Deluxe Sundown 1in,,
Blinds,ACH-BLIND-SUNDOWN,GII CORDLESS Deluxe Sundown 1in Room Darkening Vinyl Mini Blind,32x64,Alabaster,6,0,10.25,images/achim/aa8ff3_94bb59fcaf47418ea1f623e5dd1e95fe.jpg,Windows,Blinds,Mini Blinds,GII Deluxe Sundown 1in,,
Blinds,ACH-BLIND-SUNDOWN,GII CORDLESS Deluxe Sundown 1in Room Darkening Vinyl Mini Blind,32x64,Black,6,0,10.25,images/achim/aa8ff3_94bb59fcaf47418ea1f623e5dd1e95fe.jpg,Windows,Blinds,Mini Blinds,GII Deluxe Sundown 1in,,
Blinds,ACH-BLIND-SUNDOWN,GII CORDLESS Deluxe Sundown 1in Room Darkening Vinyl Mini Blind,32x64,Mahogany,6,0,10.25,images/achim/aa8ff3_94bb59fcaf47418ea1f623e5dd1e95fe.jpg,Windows,Blinds,Mini Blinds,GII Deluxe Sundown 1in,,
Blinds,ACH-BLIND-SUNDOWN,GII CORDLESS Deluxe Sundown 1in Room Darkening Vinyl Mini Blind,32x64,Grey,6,0,10.25,images/achim/aa8ff3_94bb59fcaf47418ea1f623e5dd1e95fe.jpg,Windows,Blinds,Mini Blinds,GII Deluxe Sundown 1in,,
Blinds,ACH-BLIND-SUNDOWN,GII CORDLESS Deluxe Sundown 1in Room Darkening Vinyl Mini Blind,32x64,Latte,6,0,10.25,images/achim/aa8ff3_94bb59fcaf47418ea1f623e5dd1e95fe.jpg,Windows,Blinds,Mini Blinds,GII Deluxe Sundown 1in,,
Blinds,ACH-BLIND-SUNDOWN,GII CORDLESS Deluxe Sundown 1in Room Darkening Vinyl Mini Blind,33x64,White,6,0,10.63,images/achim/aa8ff3_94bb59fcaf47418ea1f623e5dd1e95fe.jpg,Windows,Blinds,Mini Blinds,GII Deluxe Sundown 1in,,
Blinds,ACH-BLIND-SUNDOWN,GII CORDLESS Deluxe Sundown 1in Room Darkening Vinyl Mini Blind,33x64,Alabaster,6,0,10.63,images/achim/aa8ff3_94bb59fcaf47418ea1f623e5dd1e95fe.jpg,Windows,Blinds,Mini Blinds,GII Deluxe Sundown 1in,,
Blinds,ACH-BLIND-SUNDOWN,GII CORDLESS Deluxe Sundown 1in Room Darkening Vinyl Mini Blind,33x64,Black,6,0,10.63,images/achim/aa8ff3_94bb59fcaf47418ea1f623e5dd1e95fe.jpg,Windows,Blinds,Mini Blinds,GII Deluxe Sundown 1in,,
Blinds,ACH-BLIND-SUNDOWN,GII CORDLESS Deluxe Sundown 1in Room Darkening Vinyl Mini Blind,33x64,Mahogany,6,0,10.63,images/achim/aa8ff3_94bb59fcaf47418ea1f623e5dd1e95fe.jpg,Windows,Blinds,Mini Blinds,GII Deluxe Sundown 1in,,
Blinds,ACH-BLIND-SUNDOWN,GII CORDLESS Deluxe Sundown 1in Room Darkening Vinyl Mini Blind,33x64,Grey,6,0,10.63,images/achim/aa8ff3_94bb59fcaf47418ea1f623e5dd1e95fe.jpg,Windows,Blinds,Mini Blinds,GII Deluxe Sundown 1in,,
Blinds,ACH-BLIND-SUNDOWN,GII CORDLESS Deluxe Sundown 1in Room Darkening Vinyl Mini Blind,33x64,Latte,6,0,10.63,images/achim/aa8ff3_94bb59fcaf47418ea1f623e5dd1e95fe.jpg,Windows,Blinds,Mini Blinds,GII Deluxe Sundown 1in,,
Blinds,ACH-BLIND-SUNDOWN,GII CORDLESS Deluxe Sundown 1in Room Darkening Vinyl Mini Blind,34x64,White,6,0,10.94,images/achim/aa8ff3_94bb59fcaf47418ea1f623e5dd1e95fe.jpg,Windows,Blinds,Mini Blinds,GII Deluxe Sundown 1in,,
Blinds,ACH-BLIND-SUNDOWN,GII CORDLESS Deluxe Sundown 1in Room Darkening Vinyl Mini Blind,34x64,Alabaster,6,0,10.94,images/achim/aa8ff3_94bb59fcaf47418ea1f623e5dd1e95fe.jpg,Windows,Blinds,Mini Blinds,GII Deluxe Sundown 1in,,
Blinds,ACH-BLIND-SUNDOWN,GII CORDLESS Deluxe Sundown 1in Room Darkening Vinyl Mini Blind,34x64,Black,6,0,10.94,images/achim/aa8ff3_94bb59fcaf47418ea1f623e5dd1e95fe.jpg,Windows,Blinds,Mini Blinds,GII Deluxe Sundown 1in,,
Blinds,ACH-BLIND-SUNDOWN,GII CORDLESS Deluxe Sundown 1in Room Darkening Vinyl Mini Blind,34x64,Mahogany,6,0,10.94,images/achim/aa8ff3_94bb59fcaf47418ea1f623e5dd1e95fe.jpg,Windows,Blinds,Mini Blinds,GII Deluxe Sundown 1in,,
Blinds,ACH-BLIND-SUNDOWN,GII CORDLESS Deluxe Sundown 1in Room Darkening Vinyl Mini Blind,34x64,Grey,6,0,10.94,images/achim/aa8ff3_94bb59fcaf47418ea1f623e5dd1e95fe.jpg,Windows,Blinds,Mini Blinds,GII Deluxe Sundown 1in,,
Blinds,ACH-BLIND-SUNDOWN,GII CORDLESS Deluxe Sundown 1in Room Darkening Vinyl Mini Blind,34x64,Latte,6,0,10.94,images/achim/aa8ff3_94bb59fcaf47418ea1f623e5dd1e95fe.jpg,Windows,Blinds,Mini Blinds,GII Deluxe Sundown 1in,,
Blinds,ACH-BLIND-SUNDOWN,GII CORDLESS Deluxe Sundown 1in Room Darkening Vinyl Mini Blind,35x64,White,6,0,11.25,images/achim/aa8ff3_94bb59fcaf47418ea1f623e5dd1e95fe.jpg,Windows,Blinds,Mini Blinds,GII Deluxe Sundown 1in,,
Blinds,ACH-BLIND-SUNDOWN,GII CORDLESS Deluxe Sundown 1in Room Darkening Vinyl Mini Blind,35x64,Alabaster,6,0,11.25,images/achim/aa8ff3_94bb59fcaf47418ea1f623e5dd1e95fe.jpg,Windows,Blinds,Mini Blinds,GII Deluxe Sundown 1in,,
Blinds,ACH-BLIND-SUNDOWN,GII CORDLESS Deluxe Sundown 1in Room Darkening Vinyl Mini Blind,35x64,Black,6,0,11.25,images/achim/aa8ff3_94bb59fcaf47418ea1f623e5dd1e95fe.jpg,Windows,Blinds,Mini Blinds,GII Deluxe Sundown 1in,,
Blinds,ACH-BLIND-SUNDOWN,GII CORDLESS Deluxe Sundown 1in Room Darkening Vinyl Mini Blind,35x64,Mahogany,6,0,11.25,images/achim/aa8ff3_94bb59fcaf47418ea1f623e5dd1e95fe.jpg,Windows,Blinds,Mini Blinds,GII Deluxe Sundown 1in,,
Blinds,ACH-BLIND-SUNDOWN,GII CORDLESS Deluxe Sundown 1in Room Darkening Vinyl Mini Blind,35x64,Grey,6,0,11.25,images/achim/aa8ff3_94bb59fcaf47418ea1f623e5dd1e95fe.jpg,Windows,Blinds,Mini Blinds,GII Deluxe Sundown 1in,,
Blinds,ACH-BLIND-SUNDOWN,GII CORDLESS Deluxe Sundown 1in Room Darkening Vinyl Mini Blind,35x64,Latte,6,0,11.25,images/achim/aa8ff3_94bb59fcaf47418ea1f623e5dd1e95fe.jpg,Windows,Blinds,Mini Blinds,GII Deluxe Sundown 1in,,
Blinds,ACH-BLIND-SUNDOWN,GII CORDLESS Deluxe Sundown 1in Room Darkening Vinyl Mini Blind,36x64,White,6,0,11.56,images/achim/aa8ff3_94bb59fcaf47418ea1f623e5dd1e95fe.jpg,Windows,Blinds,Mini Blinds,GII Deluxe Sundown 1in,,
Blinds,ACH-BLIND-SUNDOWN,GII CORDLESS Deluxe Sundown 1in Room Darkening Vinyl Mini Blind,36x64,Alabaster,6,0,11.56,images/achim/aa8ff3_94bb59fcaf47418ea1f623e5dd1e95fe.jpg,Windows,Blinds,Mini Blinds,GII Deluxe Sundown 1in,,
Blinds,ACH-BLIND-SUNDOWN,GII CORDLESS Deluxe Sundown 1in Room Darkening Vinyl Mini Blind,36x64,Black,6,0,11.56,images/achim/aa8ff3_94bb59fcaf47418ea1f623e5dd1e95fe.jpg,Windows,Blinds,Mini Blinds,GII Deluxe Sundown 1in,,
Blinds,ACH-BLIND-SUNDOWN,GII CORDLESS Deluxe Sundown 1in Room Darkening Vinyl Mini Blind,36x64,Mahogany,6,0,11.56,images/achim/aa8ff3_94bb59fcaf47418ea1f623e5dd1e95fe.jpg,Windows,Blinds,Mini Blinds,GII Deluxe Sundown 1in,,
Blinds,ACH-BLIND-SUNDOWN,GII CORDLESS Deluxe Sundown 1in Room Darkening Vinyl Mini Blind,36x64,Grey,6,0,11.56,images/achim/aa8ff3_94bb59fcaf47418ea1f623e5dd1e95fe.jpg,Windows,Blinds,Mini Blinds,GII Deluxe Sundown 1in,,
Blinds,ACH-BLIND-SUNDOWN,GII CORDLESS Deluxe Sundown 1in Room Darkening Vinyl Mini Blind,36x64,Latte,6,0,11.56,images/achim/aa8ff3_94bb59fcaf47418ea1f623e5dd1e95fe.jpg,Windows,Blinds,Mini Blinds,GII Deluxe Sundown 1in,,
Blinds,ACH-BLIND-SUNDOWN,GII CORDLESS Deluxe Sundown 1in Room Darkening Vinyl Mini Blind,39x64,White,4,0,13.31,images/achim/aa8ff3_94bb59fcaf47418ea1f623e5dd1e95fe.jpg,Windows,Blinds,Mini Blinds,GII Deluxe Sundown 1in,,
Blinds,ACH-BLIND-SUNDOWN,GII CORDLESS Deluxe Sundown 1in Room Darkening Vinyl Mini Blind,39x64,Alabaster,4,0,13.31,images/achim/aa8ff3_94bb59fcaf47418ea1f623e5dd1e95fe.jpg,Windows,Blinds,Mini Blinds,GII Deluxe Sundown 1in,,
Blinds,ACH-BLIND-SUNDOWN,GII CORDLESS Deluxe Sundown 1in Room Darkening Vinyl Mini Blind,39x64,Black,4,0,13.31,images/achim/aa8ff3_94bb59fcaf47418ea1f623e5dd1e95fe.jpg,Windows,Blinds,Mini Blinds,GII Deluxe Sundown 1in,,
Blinds,ACH-BLIND-SUNDOWN,GII CORDLESS Deluxe Sundown 1in Room Darkening Vinyl Mini Blind,39x64,Mahogany,4,0,13.31,images/achim/aa8ff3_94bb59fcaf47418ea1f623e5dd1e95fe.jpg,Windows,Blinds,Mini Blinds,GII Deluxe Sundown 1in,,
Blinds,ACH-BLIND-SUNDOWN,GII CORDLESS Deluxe Sundown 1in Room Darkening Vinyl Mini Blind,39x64,Grey,4,0,13.31,images/achim/aa8ff3_94bb59fcaf47418ea1f623e5dd1e95fe.jpg,Windows,Blinds,Mini Blinds,GII Deluxe Sundown 1in,,
Blinds,ACH-BLIND-SUNDOWN,GII CORDLESS Deluxe Sundown 1in Room Darkening Vinyl Mini Blind,39x64,Latte,4,0,13.31,images/achim/aa8ff3_94bb59fcaf47418ea1f623e5dd1e95fe.jpg,Windows,Blinds,Mini Blinds,GII Deluxe Sundown 1in,,
Blinds,ACH-BLIND-SUNDOWN,GII CORDLESS Deluxe Sundown 1in Room Darkening Vinyl Mini Blind,43x64,White,4,0,14.69,images/achim/aa8ff3_94bb59fcaf47418ea1f623e5dd1e95fe.jpg,Windows,Blinds,Mini Blinds,GII Deluxe Sundown 1in,,
Blinds,ACH-BLIND-SUNDOWN,GII CORDLESS Deluxe Sundown 1in Room Darkening Vinyl Mini Blind,43x64,Alabaster,4,0,14.69,images/achim/aa8ff3_94bb59fcaf47418ea1f623e5dd1e95fe.jpg,Windows,Blinds,Mini Blinds,GII Deluxe Sundown 1in,,
Blinds,ACH-BLIND-SUNDOWN,GII CORDLESS Deluxe Sundown 1in Room Darkening Vinyl Mini Blind,43x64,Black,4,0,14.69,images/achim/aa8ff3_94bb59fcaf47418ea1f623e5dd1e95fe.jpg,Windows,Blinds,Mini Blinds,GII Deluxe Sundown 1in,,
Blinds,ACH-BLIND-SUNDOWN,GII CORDLESS Deluxe Sundown 1in Room Darkening Vinyl Mini Blind,43x64,Mahogany,4,0,14.69,images/achim/aa8ff3_94bb59fcaf47418ea1f623e5dd1e95fe.jpg,Windows,Blinds,Mini Blinds,GII Deluxe Sundown 1in,,
Blinds,ACH-BLIND-SUNDOWN,GII CORDLESS Deluxe Sundown 1in Room Darkening Vinyl Mini Blind,43x64,Grey,4,0,14.69,images/achim/aa8ff3_94bb59fcaf47418ea1f623e5dd1e95fe.jpg,Windows,Blinds,Mini Blinds,GII Deluxe Sundown 1in,,
Blinds,ACH-BLIND-SUNDOWN,GII CORDLESS Deluxe Sundown 1in Room Darkening Vinyl Mini Blind,43x64,Latte,4,0,14.69,images/achim/aa8ff3_94bb59fcaf47418ea1f623e5dd1e95fe.jpg,Windows,Blinds,Mini Blinds,GII Deluxe Sundown 1in,,
Blinds,ACH-BLIND-SUNDOWN,GII CORDLESS Deluxe Sundown 1in Room Darkening Vinyl Mini Blind,46x64,White,4,0,15.88,images/achim/aa8ff3_94bb59fcaf47418ea1f623e5dd1e95fe.jpg,Windows,Blinds,Mini Blinds,GII Deluxe Sundown 1in,,
Blinds,ACH-BLIND-SUNDOWN,GII CORDLESS Deluxe Sundown 1in Room Darkening Vinyl Mini Blind,46x64,Alabaster,4,0,15.88,images/achim/aa8ff3_94bb59fcaf47418ea1f623e5dd1e95fe.jpg,Windows,Blinds,Mini Blinds,GII Deluxe Sundown 1in,,
Blinds,ACH-BLIND-SUNDOWN,GII CORDLESS Deluxe Sundown 1in Room Darkening Vinyl Mini Blind,46x64,Black,4,0,15.88,images/achim/aa8ff3_94bb59fcaf47418ea1f623e5dd1e95fe.jpg,Windows,Blinds,Mini Blinds,GII Deluxe Sundown 1in,,
Blinds,ACH-BLIND-SUNDOWN,GII CORDLESS Deluxe Sundown 1in Room Darkening Vinyl Mini Blind,46x64,Mahogany,4,0,15.88,images/achim/aa8ff3_94bb59fcaf47418ea1f623e5dd1e95fe.jpg,Windows,Blinds,Mini Blinds,GII Deluxe Sundown 1in,,
Blinds,ACH-BLIND-SUNDOWN,GII CORDLESS Deluxe Sundown 1in Room Darkening Vinyl Mini Blind,46x64,Grey,4,0,15.88,images/achim/aa8ff3_94bb59fcaf47418ea1f623e5dd1e95fe.jpg,Windows,Blinds,Mini Blinds,GII Deluxe Sundown 1in,,
Blinds,ACH-BLIND-SUNDOWN,GII CORDLESS Deluxe Sundown 1in Room Darkening Vinyl Mini Blind,46x64,Latte,4,0,15.88,images/achim/aa8ff3_94bb59fcaf47418ea1f623e5dd1e95fe.jpg,Windows,Blinds,Mini Blinds,GII Deluxe Sundown 1in,,
Blinds,ACH-BLIND-SUNDOWN,GII CORDLESS Deluxe Sundown 1in Room Darkening Vinyl Mini Blind,48x64,White,4,0,16.56,images/achim/aa8ff3_94bb59fcaf47418ea1f623e5dd1e95fe.jpg,Windows,Blinds,Mini Blinds,GII Deluxe Sundown 1in,,
Blinds,ACH-BLIND-SUNDOWN,GII CORDLESS Deluxe Sundown 1in Room Darkening Vinyl Mini Blind,48x64,Alabaster,4,0,16.56,images/achim/aa8ff3_94bb59fcaf47418ea1f623e5dd1e95fe.jpg,Windows,Blinds,Mini Blinds,GII Deluxe Sundown 1in,,
Blinds,ACH-BLIND-SUNDOWN,GII CORDLESS Deluxe Sundown 1in Room Darkening Vinyl Mini Blind,48x64,Black,4,0,16.56,images/achim/aa8ff3_94bb59fcaf47418ea1f623e5dd1e95fe.jpg,Windows,Blinds,Mini Blinds,GII Deluxe Sundown 1in,,
Blinds,ACH-BLIND-SUNDOWN,GII CORDLESS Deluxe Sundown 1in Room Darkening Vinyl Mini Blind,48x64,Mahogany,4,0,16.56,images/achim/aa8ff3_94bb59fcaf47418ea1f623e5dd1e95fe.jpg,Windows,Blinds,Mini Blinds,GII Deluxe Sundown 1in,,
Blinds,ACH-BLIND-SUNDOWN,GII CORDLESS Deluxe Sundown 1in Room Darkening Vinyl Mini Blind,48x64,Grey,4,0,16.56,images/achim/aa8ff3_94bb59fcaf47418ea1f623e5dd1e95fe.jpg,Windows,Blinds,Mini Blinds,GII Deluxe Sundown 1in,,
Blinds,ACH-BLIND-SUNDOWN,GII CORDLESS Deluxe Sundown 1in Room Darkening Vinyl Mini Blind,48x64,Latte,4,0,16.56,images/achim/aa8ff3_94bb59fcaf47418ea1f623e5dd1e95fe.jpg,Windows,Blinds,Mini Blinds,GII Deluxe Sundown 1in,,
Blinds,ACH-BLIND-SUNDOWN,GII CORDLESS Deluxe Sundown 1in Room Darkening Vinyl Mini Blind,60x64,White,4,0,20.50,images/achim/aa8ff3_94bb59fcaf47418ea1f623e5dd1e95fe.jpg,Windows,Blinds,Mini Blinds,GII Deluxe Sundown 1in,,
Blinds,ACH-BLIND-SUNDOWN,GII CORDLESS Deluxe Sundown 1in Room Darkening Vinyl Mini Blind,60x64,Alabaster,4,0,20.50,images/achim/aa8ff3_94bb59fcaf47418ea1f623e5dd1e95fe.jpg,Windows,Blinds,Mini Blinds,GII Deluxe Sundown 1in,,
Blinds,ACH-BLIND-SUNDOWN,GII CORDLESS Deluxe Sundown 1in Room Darkening Vinyl Mini Blind,72x64,White,4,0,24.69,images/achim/aa8ff3_94bb59fcaf47418ea1f623e5dd1e95fe.jpg,Windows,Blinds,Mini Blinds,GII Deluxe Sundown 1in,,
Blinds,ACH-BLIND-SUNDOWN,GII CORDLESS Deluxe Sundown 1in Room Darkening Vinyl Mini Blind,72x64,Alabaster,4,0,24.69,images/achim/aa8ff3_94bb59fcaf47418ea1f623e5dd1e95fe.jpg,Windows,Blinds,Mini Blinds,GII Deluxe Sundown 1in,,
Blinds,ACH-BLIND-LUNA,GII CORDLESS Luna 2in Vinyl Plantation Blind,23x64,White,4,0,13.00,images/achim/aa8ff3_5dfc900673104af39116a6f78f21b99c.jpg,Windows,Blinds,Plantation Blinds,GII Luna 2in,,
Blinds,ACH-BLIND-LUNA,GII CORDLESS Luna 2in Vinyl Plantation Blind,23x64,Mahogany,4,0,13.00,images/achim/aa8ff3_5dfc900673104af39116a6f78f21b99c.jpg,Windows,Blinds,Plantation Blinds,GII Luna 2in,,
Blinds,ACH-BLIND-LUNA,GII CORDLESS Luna 2in Vinyl Plantation Blind,27x64,White,4,0,15.31,images/achim/aa8ff3_5dfc900673104af39116a6f78f21b99c.jpg,Windows,Blinds,Plantation Blinds,GII Luna 2in,,
Blinds,ACH-BLIND-LUNA,GII CORDLESS Luna 2in Vinyl Plantation Blind,27x64,Mahogany,4,0,15.31,images/achim/aa8ff3_5dfc900673104af39116a6f78f21b99c.jpg,Windows,Blinds,Plantation Blinds,GII Luna 2in,,
Blinds,ACH-BLIND-LUNA,GII CORDLESS Luna 2in Vinyl Plantation Blind,29x64,White,4,0,16.44,images/achim/aa8ff3_5dfc900673104af39116a6f78f21b99c.jpg,Windows,Blinds,Plantation Blinds,GII Luna 2in,,
Blinds,ACH-BLIND-LUNA,GII CORDLESS Luna 2in Vinyl Plantation Blind,29x64,Mahogany,4,0,16.44,images/achim/aa8ff3_5dfc900673104af39116a6f78f21b99c.jpg,Windows,Blinds,Plantation Blinds,GII Luna 2in,,
Blinds,ACH-BLIND-LUNA,GII CORDLESS Luna 2in Vinyl Plantation Blind,30x64,White,4,0,17.00,images/achim/aa8ff3_5dfc900673104af39116a6f78f21b99c.jpg,Windows,Blinds,Plantation Blinds,GII Luna 2in,,
Blinds,ACH-BLIND-LUNA,GII CORDLESS Luna 2in Vinyl Plantation Blind,30x64,Mahogany,4,0,17.00,images/achim/aa8ff3_5dfc900673104af39116a6f78f21b99c.jpg,Windows,Blinds,Plantation Blinds,GII Luna 2in,,
Blinds,ACH-BLIND-LUNA,GII CORDLESS Luna 2in Vinyl Plantation Blind,31x64,White,4,0,17.50,images/achim/aa8ff3_5dfc900673104af39116a6f78f21b99c.jpg,Windows,Blinds,Plantation Blinds,GII Luna 2in,,
Blinds,ACH-BLIND-LUNA,GII CORDLESS Luna 2in Vinyl Plantation Blind,31x64,Mahogany,4,0,17.50,images/achim/aa8ff3_5dfc900673104af39116a6f78f21b99c.jpg,Windows,Blinds,Plantation Blinds,GII Luna 2in,,
Blinds,ACH-BLIND-LUNA,GII CORDLESS Luna 2in Vinyl Plantation Blind,32x64,White,4,0,18.13,images/achim/aa8ff3_5dfc900673104af39116a6f78f21b99c.jpg,Windows,Blinds,Plantation Blinds,GII Luna 2in,,
Blinds,ACH-BLIND-LUNA,GII CORDLESS Luna 2in Vinyl Plantation Blind,32x64,Mahogany,4,0,18.13,images/achim/aa8ff3_5dfc900673104af39116a6f78f21b99c.jpg,Windows,Blinds,Plantation Blinds,GII Luna 2in,,
Blinds,ACH-BLIND-LUNA,GII CORDLESS Luna 2in Vinyl Plantation Blind,33x64,White,4,0,18.69,images/achim/aa8ff3_5dfc900673104af39116a6f78f21b99c.jpg,Windows,Blinds,Plantation Blinds,GII Luna 2in,,
Blinds,ACH-BLIND-LUNA,GII CORDLESS Luna 2in Vinyl Plantation Blind,33x64,Mahogany,4,0,18.69,images/achim/aa8ff3_5dfc900673104af39116a6f78f21b99c.jpg,Windows,Blinds,Plantation Blinds,GII Luna 2in,,
Blinds,ACH-BLIND-LUNA,GII CORDLESS Luna 2in Vinyl Plantation Blind,35x64,White,4,0,19.81,images/achim/aa8ff3_5dfc900673104af39116a6f78f21b99c.jpg,Windows,Blinds,Plantation Blinds,GII Luna 2in,,
Blinds,ACH-BLIND-LUNA,GII CORDLESS Luna 2in Vinyl Plantation Blind,35x64,Mahogany,4,0,19.81,images/achim/aa8ff3_5dfc900673104af39116a6f78f21b99c.jpg,Windows,Blinds,Plantation Blinds,GII Luna 2in,,
Blinds,ACH-BLIND-LUNA,GII CORDLESS Luna 2in Vinyl Plantation Blind,36x64,White,4,0,20.38,images/achim/aa8ff3_5dfc900673104af39116a6f78f21b99c.jpg,Windows,Blinds,Plantation Blinds,GII Luna 2in,,
Blinds,ACH-BLIND-LUNA,GII CORDLESS Luna 2in Vinyl Plantation Blind,36x64,Mahogany,4,0,20.38,images/achim/aa8ff3_5dfc900673104af39116a6f78f21b99c.jpg,Windows,Blinds,Plantation Blinds,GII Luna 2in,,
Blinds,ACH-BLIND-LUNA,GII CORDLESS Luna 2in Vinyl Plantation Blind,39x64,White,4,0,24.06,images/achim/aa8ff3_5dfc900673104af39116a6f78f21b99c.jpg,Windows,Blinds,Plantation Blinds,GII Luna 2in,,
Blinds,ACH-BLIND-LUNA,GII CORDLESS Luna 2in Vinyl Plantation Blind,39x64,Mahogany,4,0,24.06,images/achim/aa8ff3_5dfc900673104af39116a6f78f21b99c.jpg,Windows,Blinds,Plantation Blinds,GII Luna 2in,,
Blinds,ACH-BLIND-LUNA,GII CORDLESS Luna 2in Vinyl Plantation Blind,43x64,White,4,0,26.44,images/achim/aa8ff3_5dfc900673104af39116a6f78f21b99c.jpg,Windows,Blinds,Plantation Blinds,GII Luna 2in,,
Blinds,ACH-BLIND-LUNA,GII CORDLESS Luna 2in Vinyl Plantation Blind,43x64,Mahogany,4,0,26.44,images/achim/aa8ff3_5dfc900673104af39116a6f78f21b99c.jpg,Windows,Blinds,Plantation Blinds,GII Luna 2in,,
Blinds,ACH-BLIND-LUNA,GII CORDLESS Luna 2in Vinyl Plantation Blind,48x64,White,4,0,29.38,images/achim/aa8ff3_5dfc900673104af39116a6f78f21b99c.jpg,Windows,Blinds,Plantation Blinds,GII Luna 2in,,
Blinds,ACH-BLIND-LUNA,GII CORDLESS Luna 2in Vinyl Plantation Blind,48x64,Mahogany,4,0,29.38,images/achim/aa8ff3_5dfc900673104af39116a6f78f21b99c.jpg,Windows,Blinds,Plantation Blinds,GII Luna 2in,,
Blinds,ACH-BLIND-MADERA,GII CORDLESS Madera Falsa 2in Faux Wood Plantation Blind,36x52,White,2,0,30.00,images/achim/aa8ff3_f2de9a258fbc40ceb4889ebb30d47baa.jpg,Windows,Blinds,Plantation Blinds,GII Madera Falsa 2in,,
Blinds,ACH-BLIND-MADERA,GII CORDLESS Madera Falsa 2in Faux Wood Plantation Blind,36x52,Mahogany,2,0,30.00,images/achim/aa8ff3_f2de9a258fbc40ceb4889ebb30d47baa.jpg,Windows,Blinds,Plantation Blinds,GII Madera Falsa 2in,,
Blinds,ACH-BLIND-MADERA,GII CORDLESS Madera Falsa 2in Faux Wood Plantation Blind,36x52,Grey,2,0,30.00,images/achim/aa8ff3_f2de9a258fbc40ceb4889ebb30d47baa.jpg,Windows,Blinds,Plantation Blinds,GII Madera Falsa 2in,,
Blinds,ACH-BLIND-MADERA,GII CORDLESS Madera Falsa 2in Faux Wood Plantation Blind,37x52,White,2,0,31.25,images/achim/aa8ff3_f2de9a258fbc40ceb4889ebb30d47baa.jpg,Windows,Blinds,Plantation Blinds,GII Madera Falsa 2in,,
Blinds,ACH-BLIND-MADERA,GII CORDLESS Madera Falsa 2in Faux Wood Plantation Blind,37x52,Mahogany,2,0,31.25,images/achim/aa8ff3_f2de9a258fbc40ceb4889ebb30d47baa.jpg,Windows,Blinds,Plantation Blinds,GII Madera Falsa 2in,,
Blinds,ACH-BLIND-MADERA,GII CORDLESS Madera Falsa 2in Faux Wood Plantation Blind,37x52,Grey,2,0,31.25,images/achim/aa8ff3_f2de9a258fbc40ceb4889ebb30d47baa.jpg,Windows,Blinds,Plantation Blinds,GII Madera Falsa 2in,,
Blinds,ACH-BLIND-MADERA,GII CORDLESS Madera Falsa 2in Faux Wood Plantation Blind,74x52,White,2,0,66.25,images/achim/aa8ff3_f2de9a258fbc40ceb4889ebb30d47baa.jpg,Windows,Blinds,Plantation Blinds,GII Madera Falsa 2in,,
Blinds,ACH-BLIND-MADERA,GII CORDLESS Madera Falsa 2in Faux Wood Plantation Blind,74x52,Mahogany,2,0,66.25,images/achim/aa8ff3_f2de9a258fbc40ceb4889ebb30d47baa.jpg,Windows,Blinds,Plantation Blinds,GII Madera Falsa 2in,,
Blinds,ACH-BLIND-MADERA,GII CORDLESS Madera Falsa 2in Faux Wood Plantation Blind,74x52,Grey,2,0,66.25,images/achim/aa8ff3_f2de9a258fbc40ceb4889ebb30d47baa.jpg,Windows,Blinds,Plantation Blinds,GII Madera Falsa 2in,,
Blinds,ACH-BLIND-MADERA,GII CORDLESS Madera Falsa 2in Faux Wood Plantation Blind,23x64,White,2,0,20.94,images/achim/aa8ff3_f2de9a258fbc40ceb4889ebb30d47baa.jpg,Windows,Blinds,Plantation Blinds,GII Madera Falsa 2in,,
Blinds,ACH-BLIND-MADERA,GII CORDLESS Madera Falsa 2in Faux Wood Plantation Blind,23x64,Mahogany,2,0,20.94,images/achim/aa8ff3_f2de9a258fbc40ceb4889ebb30d47baa.jpg,Windows,Blinds,Plantation Blinds,GII Madera Falsa 2in,,
Blinds,ACH-BLIND-MADERA,GII CORDLESS Madera Falsa 2in Faux Wood Plantation Blind,23x64,Grey,2,0,20.94,images/achim/aa8ff3_f2de9a258fbc40ceb4889ebb30d47baa.jpg,Windows,Blinds,Plantation Blinds,GII Madera Falsa 2in,,
Blinds,ACH-BLIND-MADERA,GII CORDLESS Madera Falsa 2in Faux Wood Plantation Blind,25x64,White,2,0,22.81,images/achim/aa8ff3_f2de9a258fbc40ceb4889ebb30d47baa.jpg,Windows,Blinds,Plantation Blinds,GII Madera Falsa 2in,,
Blinds,ACH-BLIND-MADERA,GII CORDLESS Madera Falsa 2in Faux Wood Plantation Blind,25x64,Mahogany,2,0,22.81,images/achim/aa8ff3_f2de9a258fbc40ceb4889ebb30d47baa.jpg,Windows,Blinds,Plantation Blinds,GII Madera Falsa 2in,,
Blinds,ACH-BLIND-MADERA,GII CORDLESS Madera Falsa 2in Faux Wood Plantation Blind,25x64,Grey,2,0,22.81,images/achim/aa8ff3_f2de9a258fbc40ceb4889ebb30d47baa.jpg,Windows,Blinds,Plantation Blinds,GII Madera Falsa 2in,,
Blinds,ACH-BLIND-MADERA,GII CORDLESS Madera Falsa 2in Faux Wood Plantation Blind,27x64,White,2,0,24.56,images/achim/aa8ff3_f2de9a258fbc40ceb4889ebb30d47baa.jpg,Windows,Blinds,Plantation Blinds,GII Madera Falsa 2in,,
Blinds,ACH-BLIND-MADERA,GII CORDLESS Madera Falsa 2in Faux Wood Plantation Blind,27x64,Mahogany,2,0,24.56,images/achim/aa8ff3_f2de9a258fbc40ceb4889ebb30d47baa.jpg,Windows,Blinds,Plantation Blinds,GII Madera Falsa 2in,,
Blinds,ACH-BLIND-MADERA,GII CORDLESS Madera Falsa 2in Faux Wood Plantation Blind,27x64,Grey,2,0,24.56,images/achim/aa8ff3_f2de9a258fbc40ceb4889ebb30d47baa.jpg,Windows,Blinds,Plantation Blinds,GII Madera Falsa 2in,,
Blinds,ACH-BLIND-MADERA,GII CORDLESS Madera Falsa 2in Faux Wood Plantation Blind,29x64,White,2,0,26.38,images/achim/aa8ff3_f2de9a258fbc40ceb4889ebb30d47baa.jpg,Windows,Blinds,Plantation Blinds,GII Madera Falsa 2in,,
Blinds,ACH-BLIND-MADERA,GII CORDLESS Madera Falsa 2in Faux Wood Plantation Blind,29x64,Mahogany,2,0,26.38,images/achim/aa8ff3_f2de9a258fbc40ceb4889ebb30d47baa.jpg,Windows,Blinds,Plantation Blinds,GII Madera Falsa 2in,,
Blinds,ACH-BLIND-MADERA,GII CORDLESS Madera Falsa 2in Faux Wood Plantation Blind,29x64,Grey,2,0,26.38,images/achim/aa8ff3_f2de9a258fbc40ceb4889ebb30d47baa.jpg,Windows,Blinds,Plantation Blinds,GII Madera Falsa 2in,,
Blinds,ACH-BLIND-MADERA,GII CORDLESS Madera Falsa 2in Faux Wood Plantation Blind,30x64,White,2,0,27.31,images/achim/aa8ff3_f2de9a258fbc40ceb4889ebb30d47baa.jpg,Windows,Blinds,Plantation Blinds,GII Madera Falsa 2in,,
Blinds,ACH-BLIND-MADERA,GII CORDLESS Madera Falsa 2in Faux Wood Plantation Blind,30x64,Mahogany,2,0,27.31,images/achim/aa8ff3_f2de9a258fbc40ceb4889ebb30d47baa.jpg,Windows,Blinds,Plantation Blinds,GII Madera Falsa 2in,,
Blinds,ACH-BLIND-MADERA,GII CORDLESS Madera Falsa 2in Faux Wood Plantation Blind,30x64,Grey,2,0,27.31,images/achim/aa8ff3_f2de9a258fbc40ceb4889ebb30d47baa.jpg,Windows,Blinds,Plantation Blinds,GII Madera Falsa 2in,,
Blinds,ACH-BLIND-MADERA,GII CORDLESS Madera Falsa 2in Faux Wood Plantation Blind,31x64,White,2,0,28.19,images/achim/aa8ff3_f2de9a258fbc40ceb4889ebb30d47baa.jpg,Windows,Blinds,Plantation Blinds,GII Madera Falsa 2in,,
Blinds,ACH-BLIND-MADERA,GII CORDLESS Madera Falsa 2in Faux Wood Plantation Blind,31x64,Mahogany,2,0,28.19,images/achim/aa8ff3_f2de9a258fbc40ceb4889ebb30d47baa.jpg,Windows,Blinds,Plantation Blinds,GII Madera Falsa 2in,,
Blinds,ACH-BLIND-MADERA,GII CORDLESS Madera Falsa 2in Faux Wood Plantation Blind,31x64,Grey,2,0,28.19,images/achim/aa8ff3_f2de9a258fbc40ceb4889ebb30d47baa.jpg,Windows,Blinds,Plantation Blinds,GII Madera Falsa 2in,,
Blinds,ACH-BLIND-MADERA,GII CORDLESS Madera Falsa 2in Faux Wood Plantation Blind,32x64,White,2,0,29.13,images/achim/aa8ff3_f2de9a258fbc40ceb4889ebb30d47baa.jpg,Windows,Blinds,Plantation Blinds,GII Madera Falsa 2in,,
Blinds,ACH-BLIND-MADERA,GII CORDLESS Madera Falsa 2in Faux Wood Plantation Blind,32x64,Mahogany,2,0,29.13,images/achim/aa8ff3_f2de9a258fbc40ceb4889ebb30d47baa.jpg,Windows,Blinds,Plantation Blinds,GII Madera Falsa 2in,,
Blinds,ACH-BLIND-MADERA,GII CORDLESS Madera Falsa 2in Faux Wood Plantation Blind,32x64,Grey,2,0,29.13,images/achim/aa8ff3_f2de9a258fbc40ceb4889ebb30d47baa.jpg,Windows,Blinds,Plantation Blinds,GII Madera Falsa 2in,,
Blinds,ACH-BLIND-MADERA,GII CORDLESS Madera Falsa 2in Faux Wood Plantation Blind,33x64,White,2,0,30.00,images/achim/aa8ff3_f2de9a258fbc40ceb4889ebb30d47baa.jpg,Windows,Blinds,Plantation Blinds,GII Madera Falsa 2in,,
Blinds,ACH-BLIND-MADERA,GII CORDLESS Madera Falsa 2in Faux Wood Plantation Blind,33x64,Mahogany,2,0,30.00,images/achim/aa8ff3_f2de9a258fbc40ceb4889ebb30d47baa.jpg,Windows,Blinds,Plantation Blinds,GII Madera Falsa 2in,,
Blinds,ACH-BLIND-MADERA,GII CORDLESS Madera Falsa 2in Faux Wood Plantation Blind,33x64,Grey,2,0,30.00,images/achim/aa8ff3_f2de9a258fbc40ceb4889ebb30d47baa.jpg,Windows,Blinds,Plantation Blinds,GII Madera Falsa 2in,,
Blinds,ACH-BLIND-MADERA,GII CORDLESS Madera Falsa 2in Faux Wood Plantation Blind,34x64,White,2,0,30.94,images/achim/aa8ff3_f2de9a258fbc40ceb4889ebb30d47baa.jpg,Windows,Blinds,Plantation Blinds,GII Madera Falsa 2in,,
Blinds,ACH-BLIND-MADERA,GII CORDLESS Madera Falsa 2in Faux Wood Plantation Blind,34x64,Mahogany,2,0,30.94,images/achim/aa8ff3_f2de9a258fbc40ceb4889ebb30d47baa.jpg,Windows,Blinds,Plantation Blinds,GII Madera Falsa 2in,,
Blinds,ACH-BLIND-MADERA,GII CORDLESS Madera Falsa 2in Faux Wood Plantation Blind,34x64,Grey,2,0,30.94,images/achim/aa8ff3_f2de9a258fbc40ceb4889ebb30d47baa.jpg,Windows,Blinds,Plantation Blinds,GII Madera Falsa 2in,,
Blinds,ACH-BLIND-MADERA,GII CORDLESS Madera Falsa 2in Faux Wood Plantation Blind,35x64,White,2,0,31.81,images/achim/aa8ff3_f2de9a258fbc40ceb4889ebb30d47baa.jpg,Windows,Blinds,Plantation Blinds,GII Madera Falsa 2in,,
Blinds,ACH-BLIND-MADERA,GII CORDLESS Madera Falsa 2in Faux Wood Plantation Blind,35x64,Mahogany,2,0,31.81,images/achim/aa8ff3_f2de9a258fbc40ceb4889ebb30d47baa.jpg,Windows,Blinds,Plantation Blinds,GII Madera Falsa 2in,,
Blinds,ACH-BLIND-MADERA,GII CORDLESS Madera Falsa 2in Faux Wood Plantation Blind,35x64,Grey,2,0,31.81,images/achim/aa8ff3_f2de9a258fbc40ceb4889ebb30d47baa.jpg,Windows,Blinds,Plantation Blinds,GII Madera Falsa 2in,,
Blinds,ACH-BLIND-MADERA,GII CORDLESS Madera Falsa 2in Faux Wood Plantation Blind,36x64,White,2,0,32.75,images/achim/aa8ff3_f2de9a258fbc40ceb4889ebb30d47baa.jpg,Windows,Blinds,Plantation Blinds,GII Madera Falsa 2in,,
Blinds,ACH-BLIND-MADERA,GII CORDLESS Madera Falsa 2in Faux Wood Plantation Blind,36x64,Mahogany,2,0,32.75,images/achim/aa8ff3_f2de9a258fbc40ceb4889ebb30d47baa.jpg,Windows,Blinds,Plantation Blinds,GII Madera Falsa 2in,,
Blinds,ACH-BLIND-MADERA,GII CORDLESS Madera Falsa 2in Faux Wood Plantation Blind,36x64,Grey,2,0,32.75,images/achim/aa8ff3_f2de9a258fbc40ceb4889ebb30d47baa.jpg,Windows,Blinds,Plantation Blinds,GII Madera Falsa 2in,,
Blinds,ACH-BLIND-MADERA,GII CORDLESS Madera Falsa 2in Faux Wood Plantation Blind,37x64,White,2,0,33.94,images/achim/aa8ff3_f2de9a258fbc40ceb4889ebb30d47baa.jpg,Windows,Blinds,Plantation Blinds,GII Madera Falsa 2in,,
Blinds,ACH-BLIND-MADERA,GII CORDLESS Madera Falsa 2in Faux Wood Plantation Blind,37x64,Mahogany,2,0,33.94,images/achim/aa8ff3_f2de9a258fbc40ceb4889ebb30d47baa.jpg,Windows,Blinds,Plantation Blinds,GII Madera Falsa 2in,,
Blinds,ACH-BLIND-MADERA,GII CORDLESS Madera Falsa 2in Faux Wood Plantation Blind,37x64,Grey,2,0,33.94,images/achim/aa8ff3_f2de9a258fbc40ceb4889ebb30d47baa.jpg,Windows,Blinds,Plantation Blinds,GII Madera Falsa 2in,,
Blinds,ACH-BLIND-MADERA,GII CORDLESS Madera Falsa 2in Faux Wood Plantation Blind,39x64,White,2,0,37.81,images/achim/aa8ff3_f2de9a258fbc40ceb4889ebb30d47baa.jpg,Windows,Blinds,Plantation Blinds,GII Madera Falsa 2in,,
Blinds,ACH-BLIND-MADERA,GII CORDLESS Madera Falsa 2in Faux Wood Plantation Blind,39x64,Mahogany,2,0,37.81,images/achim/aa8ff3_f2de9a258fbc40ceb4889ebb30d47baa.jpg,Windows,Blinds,Plantation Blinds,GII Madera Falsa 2in,,
Blinds,ACH-BLIND-MADERA,GII CORDLESS Madera Falsa 2in Faux Wood Plantation Blind,39x64,Grey,2,0,37.81,images/achim/aa8ff3_f2de9a258fbc40ceb4889ebb30d47baa.jpg,Windows,Blinds,Plantation Blinds,GII Madera Falsa 2in,,
Blinds,ACH-BLIND-MADERA,GII CORDLESS Madera Falsa 2in Faux Wood Plantation Blind,43x64,White,2,0,41.69,images/achim/aa8ff3_f2de9a258fbc40ceb4889ebb30d47baa.jpg,Windows,Blinds,Plantation Blinds,GII Madera Falsa 2in,,
Blinds,ACH-BLIND-MADERA,GII CORDLESS Madera Falsa 2in Faux Wood Plantation Blind,43x64,Mahogany,2,0,41.69,images/achim/aa8ff3_f2de9a258fbc40ceb4889ebb30d47baa.jpg,Windows,Blinds,Plantation Blinds,GII Madera Falsa 2in,,
Blinds,ACH-BLIND-MADERA,GII CORDLESS Madera Falsa 2in Faux Wood Plantation Blind,43x64,Grey,2,0,41.69,images/achim/aa8ff3_f2de9a258fbc40ceb4889ebb30d47baa.jpg,Windows,Blinds,Plantation Blinds,GII Madera Falsa 2in,,
Blinds,ACH-BLIND-MADERA,GII CORDLESS Madera Falsa 2in Faux Wood Plantation Blind,45x64,White,2,0,43.69,images/achim/aa8ff3_f2de9a258fbc40ceb4889ebb30d47baa.jpg,Windows,Blinds,Plantation Blinds,GII Madera Falsa 2in,,
Blinds,ACH-BLIND-MADERA,GII CORDLESS Madera Falsa 2in Faux Wood Plantation Blind,45x64,Mahogany,2,0,43.69,images/achim/aa8ff3_f2de9a258fbc40ceb4889ebb30d47baa.jpg,Windows,Blinds,Plantation Blinds,GII Madera Falsa 2in,,
Blinds,ACH-BLIND-MADERA,GII CORDLESS Madera Falsa 2in Faux Wood Plantation Blind,45x64,Grey,2,0,43.69,images/achim/aa8ff3_f2de9a258fbc40ceb4889ebb30d47baa.jpg,Windows,Blinds,Plantation Blinds,GII Madera Falsa 2in,,
Blinds,ACH-BLIND-MADERA,GII CORDLESS Madera Falsa 2in Faux Wood Plantation Blind,46x64,White,2,0,44.63,images/achim/aa8ff3_f2de9a258fbc40ceb4889ebb30d47baa.jpg,Windows,Blinds,Plantation Blinds,GII Madera Falsa 2in,,
Blinds,ACH-BLIND-MADERA,GII CORDLESS Madera Falsa 2in Faux Wood Plantation Blind,46x64,Mahogany,2,0,44.63,images/achim/aa8ff3_f2de9a258fbc40ceb4889ebb30d47baa.jpg,Windows,Blinds,Plantation Blinds,GII Madera Falsa 2in,,
Blinds,ACH-BLIND-MADERA,GII CORDLESS Madera Falsa 2in Faux Wood Plantation Blind,46x64,Grey,2,0,44.63,images/achim/aa8ff3_f2de9a258fbc40ceb4889ebb30d47baa.jpg,Windows,Blinds,Plantation Blinds,GII Madera Falsa 2in,,
Blinds,ACH-BLIND-MADERA,GII CORDLESS Madera Falsa 2in Faux Wood Plantation Blind,48x64,White,2,0,46.56,images/achim/aa8ff3_f2de9a258fbc40ceb4889ebb30d47baa.jpg,Windows,Blinds,Plantation Blinds,GII Madera Falsa 2in,,
Blinds,ACH-BLIND-MADERA,GII CORDLESS Madera Falsa 2in Faux Wood Plantation Blind,48x64,Mahogany,2,0,46.56,images/achim/aa8ff3_f2de9a258fbc40ceb4889ebb30d47baa.jpg,Windows,Blinds,Plantation Blinds,GII Madera Falsa 2in,,
Blinds,ACH-BLIND-MADERA,GII CORDLESS Madera Falsa 2in Faux Wood Plantation Blind,48x64,Grey,2,0,46.56,images/achim/aa8ff3_f2de9a258fbc40ceb4889ebb30d47baa.jpg,Windows,Blinds,Plantation Blinds,GII Madera Falsa 2in,,
Blinds,ACH-BLIND-MADERA,GII CORDLESS Madera Falsa 2in Faux Wood Plantation Blind,52x64,White,2,0,50.00,images/achim/aa8ff3_f2de9a258fbc40ceb4889ebb30d47baa.jpg,Windows,Blinds,Plantation Blinds,GII Madera Falsa 2in,,
Blinds,ACH-BLIND-MADERA,GII CORDLESS Madera Falsa 2in Faux Wood Plantation Blind,52x64,Mahogany,2,0,50.00,images/achim/aa8ff3_f2de9a258fbc40ceb4889ebb30d47baa.jpg,Windows,Blinds,Plantation Blinds,GII Madera Falsa 2in,,
Blinds,ACH-BLIND-MADERA,GII CORDLESS Madera Falsa 2in Faux Wood Plantation Blind,52x64,Grey,2,0,50.00,images/achim/aa8ff3_f2de9a258fbc40ceb4889ebb30d47baa.jpg,Windows,Blinds,Plantation Blinds,GII Madera Falsa 2in,,
Blinds,ACH-BLIND-MADERA,GII CORDLESS Madera Falsa 2in Faux Wood Plantation Blind,60x64,White,2,0,58.13,images/achim/aa8ff3_f2de9a258fbc40ceb4889ebb30d47baa.jpg,Windows,Blinds,Plantation Blinds,GII Madera Falsa 2in,,
Blinds,ACH-BLIND-MADERA,GII CORDLESS Madera Falsa 2in Faux Wood Plantation Blind,60x64,Mahogany,2,0,58.13,images/achim/aa8ff3_f2de9a258fbc40ceb4889ebb30d47baa.jpg,Windows,Blinds,Plantation Blinds,GII Madera Falsa 2in,,
Blinds,ACH-BLIND-MADERA,GII CORDLESS Madera Falsa 2in Faux Wood Plantation Blind,60x64,Grey,2,0,58.13,images/achim/aa8ff3_f2de9a258fbc40ceb4889ebb30d47baa.jpg,Windows,Blinds,Plantation Blinds,GII Madera Falsa 2in,,
Blinds,ACH-BLIND-MADERA,GII CORDLESS Madera Falsa 2in Faux Wood Plantation Blind,72x64,White,2,0,69.38,images/achim/aa8ff3_f2de9a258fbc40ceb4889ebb30d47baa.jpg,Windows,Blinds,Plantation Blinds,GII Madera Falsa 2in,,
Blinds,ACH-BLIND-MADERA,GII CORDLESS Madera Falsa 2in Faux Wood Plantation Blind,72x64,Mahogany,2,0,69.38,images/achim/aa8ff3_f2de9a258fbc40ceb4889ebb30d47baa.jpg,Windows,Blinds,Plantation Blinds,GII Madera Falsa 2in,,
Blinds,ACH-BLIND-MADERA,GII CORDLESS Madera Falsa 2in Faux Wood Plantation Blind,72x64,Grey,2,0,69.38,images/achim/aa8ff3_f2de9a258fbc40ceb4889ebb30d47baa.jpg,Windows,Blinds,Plantation Blinds,GII Madera Falsa 2in,,
Shades,ACH-SHADE-TEAR-LF,CORDS FREE Tear Down Light Filtering Window Shade,Assorted,,1,0,,images/achim/a5fda5_c58bb68442244ba5a13441f95b11d8a0.jpg,Windows,Shades,Roller Shades,Tear Down Light Filtering,,
Shades,ACH-SHADE-123-PLEAT,CORDLESS 1-2-3 Vinyl Room Darkening Pleated Shade,Assorted,,1,0,,images/achim/aa8ff3_74b5953c0d4144988300f50448ecbbcb.jpg,Windows,Shades,Roller Shades,1-2-3 Pleated,,
Shades,ACH-SHADE-JUTE,CORDS FREE Privacy Jute Shade,Assorted,,1,0,,images/achim/aa8ff3_52e56d208a7c4fd38a2a1ce857b6a690.jpg,Windows,Shades,Roller Shades,Privacy Jute,,
Shades,ACH-SHADE-TEAR-RD,CORDS FREE Tear Down Room Darkening Window Shade,Assorted,,1,0,,images/achim/aa8ff3_a6457609cbfe41c99cdfb2bcc1c3cfdc.jpg,Windows,Shades,Roller Shades,Tear Down Room Darkening,,
Shades,ACH-SHADE-BUFFALO-ROMAN,CORDLESS Buffalo Check Roman Window Shade,Assorted,Burgundy,1,0,,images/achim/aa8ff3_4cb0bf80436d4344bc4f67a8fd15b343.jpg,Windows,Shades,Roman Shades,Buffalo Check Roman,,
Blinds,ACH-BLIND-VERANDA,CORDLESS Veranda Vinyl Roll-Up Blind,Assorted,,1,0,,images/achim/aa8ff3_dc93cf9b26274461b2655f0273825a94.jpg,Windows,Blinds,Roll-Up Blinds,Veranda Roll-Up,,
Blinds,ACH-BLIND-SOLSTICE,CORDLESS Solstice Vinyl Roll-Up Blind,Assorted,,1,0,,images/achim/aa8ff3_cb3f8e52bac442fe94bf880e2b57df2c.jpg,Windows,Blinds,Roll-Up Blinds,Solstice Roll-Up,,
Curtains,ACH-CURTAIN-CONSTELLATION,Constellation Grommet Window Curtain Panel,Standard,,1,0,,images/achim/aa8ff3_5468f968fa9245d3add4c478d7cadbc6.jpg,Windows,Curtains,Curtain Panels,Constellation,,
Curtains,ACH-CURTAIN-TRIBECA,Tribeca 4-Piece Window Curtain Panel Set,Standard,,1,0,,images/achim/a5fda5_2fb7e166ccf9484eb264ccdf49e25585.jpg,Windows,Curtains,Curtain Panels,Tribeca 4-Piece,,
Curtains,ACH-CURTAIN-GRAMERCY-PNL,Gramercy Rod Pocket Window Curtain Panel,42x84,,1,0,,images/achim/a5fda5_2e41a8673a8e44299b69443e75133acf.jpg,Windows,Curtains,Curtain Panels,Gramercy Panel,,
Curtains,ACH-CURTAIN-BEDFORD,Bedford Front Tab Window Curtain Panel,Standard,,1,0,,images/achim/aa8ff3_6dbd6302f0f342208d11fa2943e18ade.jpg,Windows,Curtains,Curtain Panels,Bedford,,
Curtains,ACH-CURTAIN-ALLEGRA,Allegra Rod Pocket Panel,Standard,,1,0,,images/achim/aa8ff3_6e3a5af022ea400f976df780d429c062.jpg,Windows,Curtains,Curtain Panels,Allegra,,
Curtains,ACH-CURTAIN-BLAKE,Blake Rod Pocket Window Curtain Panel,Standard,,1,0,,images/achim/aa8ff3_0c95852c66c74813a40cb3bc41ceeac8.jpg,Windows,Curtains,Curtain Panels,Blake,,
Curtains,ACH-CURTAIN-BOMBAY,Bombay Double Layered Rod Pocket Window Curtain Panel,Standard,,1,0,,images/achim/aa8ff3_7e0618363c5144a6956799c38d6ba1c2.jpg,Windows,Curtains,Curtain Panels,Bombay,,
Curtains,ACH-CURTAIN-MISTY,Misty Hidden Back Tab Panel,Standard,,1,0,,images/achim/aa8ff3_4fc4c9bd12d841fa95d0949542215086.jpg,Windows,Curtains,Curtain Panels,Misty,,
Curtains,ACH-CURTAIN-BORDEAUX-PNL,Bordeaux Rod Pocket Window Curtain Panel,Standard,,1,0,,images/achim/a5fda5_0a522132e6e94ac1b0e76ab2277244d7.jpg,Windows,Curtains,Curtain Panels,Bordeaux Panel,,
Curtains,ACH-CURTAIN-WINDSOR,Windsor Pinch Pleat Window Curtain Panel,Standard,,1,0,,images/achim/07c077_8366e86dc2bd462fb14c4849872af440.jpg,Windows,Curtains,Curtain Panels,Windsor,,
Curtains,ACH-CURTAIN-VOGUE,Vogue Grommet Window Curtain Panel,Standard,,1,0,,images/achim/07c077_ac6e45d8df95429c8d2cc553db3c7464.jpg,Windows,Curtains,Curtain Panels,Vogue,,
Curtains,ACH-CURTAIN-TRANQUIL,Tranquil Lined Grommet Window Curtain Panel,Standard,,1,0,,images/achim/07c077_dfa825d24393465593d69c9bf15887b1.jpg,Windows,Curtains,Curtain Panels,Tranquil,,
Curtains,ACH-CURTAIN-WILLOW,Willow Rod Pocket Window Curtain Panel,Standard,,1,0,,images/achim/07c077_3f370c6bd423408eabc8f53c20261566.jpg,Windows,Curtains,Curtain Panels,Willow,,
Curtains,ACH-CURTAIN-TAYLOR,Taylor Lined Grommet Window Curtain Panel,Standard,,1,0,,images/achim/aa8ff3_d63d4715f5d448428a5264f155ba925b.jpg,Windows,Curtains,Curtain Panels,Taylor,,
Curtains,ACH-CURTAIN-OMBRE-PNL,Ombre Window Curtain Panel,Standard,,1,0,,images/achim/07c077_bcec20d8bfe841e48cf1dad4339f3b8e.jpg,Windows,Curtains,Curtain Panels,Ombre Panel,,
Curtains,ACH-CURTAIN-SPECTRUM,Spectrum Rod Pocket Window Curtain Panel,Standard,,1,0,,images/achim/07c077_3ad2ae975b4947a7bd4c2c4260c7ec6c.jpg,Windows,Curtains,Curtain Panels,Spectrum,,
Curtains,ACH-CURTAIN-RAINBOW,Rainbow Single Grommet Window Curtain Panel,Standard,,1,0,,images/achim/07c077_c848ecda35c041d394d721cba124b2fe.jpg,Windows,Curtains,Curtain Panels,Rainbow,,
Curtains,ACH-CURTAIN-ESSENCE,Essence Window Curtain Panel,Standard,,1,0,,images/achim/07c077_6084140cef154e64a16a8d6901e2a92f.jpg,Windows,Curtains,Curtain Panels,Essence,,
Curtains,ACH-CURTAIN-SUTTON,Sutton Window Curtain Panel,Standard,,1,0,,images/achim/a5fda5_0b22bd60085648fdafe6f3767ad356b8.jpg,Windows,Curtains,Curtain Panels,Sutton,,
Curtains,ACH-CURTAIN-PYTHON,Python Grommet Window Curtain Panel,Standard,,1,0,,images/achim/07c077_c7e750af23f64f92bbcc9c6bc7d108a6.jpg,Windows,Curtains,Curtain Panels,Python,,
Curtains,ACH-CURTAIN-HARPER,Harper Criss-Cross Window Curtain Panel,Standard,,1,0,,images/achim/07c077_98cacbb861cd4a5092b85e6ab10de7cc.jpg,Windows,Curtains,Curtain Panels,Harper,,
Curtains,ACH-CURTAIN-KENYA,Kenya Window Curtain Panel,Standard,,1,0,,images/achim/07c077_2bffe5d8448042d7a4e4369e99c00565.jpg,Windows,Curtains,Curtain Panels,Kenya,,
Curtains,ACH-CURTAIN-PARKER,Parker Pinch Pleat Window Curtain Panel,Standard,,1,0,,images/achim/07c077_095b05f5b36044a38be2893138a4c7e0.jpg,Windows,Curtains,Curtain Panels,Parker,,
Curtains,ACH-CURTAIN-BUFFALO-PNL,Buffalo Check Window Curtain Panel,Standard,,1,0,,images/achim/aa8ff3_71bcd79a66434516a947794e6b4cf171.jpg,Windows,Curtains,Curtain Panels,Buffalo Check Panel,,
Curtains,ACH-CURTAIN-CHARLOTTE-PNL,Charlotte Rod Pocket Window Curtain Panel,Standard,,1,0,,images/achim/07c077_11b0e9651f8e4466aaa54d1721635d35.jpg,Windows,Curtains,Curtain Panels,Charlotte Panel,,
Curtains,ACH-CURTAIN-DARCY-PNL,Darcy Rod Pocket Window Curtain Panel,Standard,,1,0,,images/achim/a5fda5_fdeabb5303db474784c5fcde2424ad01.jpg,Windows,Curtains,Curtain Panels,Darcy Panel,,
Curtains,ACH-CURTAIN-DARCY-FR,Darcy French Door Curtain Panel,54x72,,1,0,,images/achim/aa8ff3_26dd333186034fd99c7820349d2a3a54.jpg,Windows,Curtains,Curtain Panels,Darcy French Door,,
Curtains,ACH-CURTAIN-DARCY-FR,Darcy French Door Curtain Panel,54x40,,1,0,,images/achim/aa8ff3_3d85ad24d176496a8b3c4fbf7c4d23e9.jpg,Windows,Curtains,Curtain Panels,Darcy French Door,,
Curtains,ACH-CURTAIN-DARCY-FR,Darcy French Door Curtain Panel,25x72,,1,0,,images/achim/aa8ff3_1314326ca49749fda789acda22401545.jpg,Windows,Curtains,Curtain Panels,Darcy French Door,,
Curtains,ACH-CURTAIN-DARCY-FR,Darcy French Door Curtain Panel,25x40,,1,0,,images/achim/aa8ff3_6be99e977a0a424fbd799b0a298f27c6.jpg,Windows,Curtains,Curtain Panels,Darcy French Door,,
Curtains,ACH-CURTAIN-BUFFALO-FR,Buffalo Check French Door Curtain Panel,54x72,,1,0,,images/achim/aa8ff3_f383011896514e0f876d7c5ce8060ba2.jpg,Windows,Curtains,Curtain Panels,Buffalo Check French Door,,
Curtains,ACH-CURTAIN-BUFFALO-FR,Buffalo Check French Door Curtain Panel,54x40,,1,0,,images/achim/aa8ff3_114391ac59bb4ed2b1598637b527c951.jpg,Windows,Curtains,Curtain Panels,Buffalo Check French Door,,
Curtains,ACH-CURTAIN-BUFFALO-FR,Buffalo Check French Door Curtain Panel,25x72,,1,0,,images/achim/aa8ff3_b5fca098cea04907916ed1cef5b18b86.jpg,Windows,Curtains,Curtain Panels,Buffalo Check French Door,,
Curtains,ACH-CURTAIN-BUFFALO-FR,Buffalo Check French Door Curtain Panel,25x40,,1,0,,images/logo.png,Windows,Curtains,Curtain Panels,Buffalo Check French Door,,
Curtains,ACH-CURTAIN-BONAPPETIT,Bon Appetit Printed Cottage Window Curtain Set,Standard,Navy,1,0,,images/achim/a5fda5_e4d79b8a8a864c698e9ebabf8a386e68.jpg,Windows,Curtains,Kitchen Curtains,Bon Appetit,,
Curtains,ACH-CURTAIN-NAPA,Napa Printed Tier and Swag Window Curtain Set,Standard,,1,0,,images/achim/a5fda5_f318bf9c30384ad19a6f22515d27bb51.jpg,Windows,Curtains,Kitchen Curtains,Napa,,
Curtains,ACH-CURTAIN-BOHO,Boho Printed Tier and Valance Set,Standard,Mocha,1,0,,images/achim/a5fda5_9c8754679f22475fbb5b1ae2d3d3a59f.jpg,Windows,Curtains,Kitchen Curtains,Boho,,
Curtains,ACH-CURTAIN-GARDEN,Garden Blooms Tier and Valance Set,Standard,,1,0,,images/achim/aa8ff3_d02b488b6bd948bf9e8d19085c73d49e.jpg,Windows,Curtains,Kitchen Curtains,Garden Blooms,,
Curtains,ACH-CURTAIN-PAIGE-TV,Paige Tier and Valance,Standard,,1,0,,images/achim/aa8ff3_a180f171ad0049f79a92700b0828d8dd.jpg,Windows,Curtains,Kitchen Curtains,Paige Tier Valance,,
Curtains,ACH-CURTAIN-PAIGE-5PC,Paige 5-Piece Window Set,Standard,,1,0,,images/achim/aa8ff3_81154a42b4bd421c947d9239900f582a.jpg,Windows,Curtains,Kitchen Curtains,Paige 5-Piece,,
Curtains,ACH-CURTAIN-KENDAL,Kendal Tier and Valance,Standard,,1,0,,images/achim/aa8ff3_d7dc40da34e44059b99d218c77997be2.jpg,Windows,Curtains,Kitchen Curtains,Kendal,,
Curtains,ACH-CURTAIN-CLAIRE,Claire 6-Piece Window Curtain Set,Standard,,1,0,,images/achim/07c077_197100774da2432883089f611b4dc965.jpg,Windows,Curtains,Kitchen Curtains,Claire 6-Piece,,
Curtains,ACH-CURTAIN-SUNFLOWER,Sunflower Cottage Window Curtain Set,Standard,,1,0,,images/achim/07c077_7bf1cb99af7549eca4ff42f8f5ff29d8.jpg,Windows,Curtains,Kitchen Curtains,Sunflower Cottage,,
Curtains,ACH-CURTAIN-TUSCANY,Tuscany Cottage Window Curtain Set,Standard,,1,0,,images/achim/07c077_74522874f1674fcf83585448d8a87205.jpg,Windows,Curtains,Kitchen Curtains,Tuscany Cottage,,
Curtains,ACH-CURTAIN-COFFEE,Coffee Printed Tier and Swag Window Curtain Set,Standard,,1,0,,images/achim/07c077_53ef9c8e78744934b3c54385ddc3ff59.jpg,Windows,Curtains,Kitchen Curtains,Coffee,,
Curtains,ACH-CURTAIN-FARMHOUSE,Modern Farmhouse Tier and Valance Window Curtain Set,Standard,,1,0,,images/achim/aa8ff3_a52f9adb35fb40c3bcd4c0ec913582b2.jpg,Windows,Curtains,Kitchen Curtains,Modern Farmhouse,,
Curtains,ACH-CURTAIN-MORNING,Top of the Morning Cottage Window Curtain Set,Standard,,1,0,,images/achim/07c077_3e9c37465cff4ad3acb64a1947bb7196.jpg,Windows,Curtains,Kitchen Curtains,Top of the Morning,,
Curtains,ACH-CURTAIN-CHARDONNAY,Chardonnay Printed Tier and Swag Window Curtain Set,Standard,,1,0,,images/achim/07c077_69155f4bfaba452aa42e88bc1a56c30f.jpg,Windows,Curtains,Kitchen Curtains,Chardonnay,,
Curtains,ACH-CURTAIN-CUCINA,Cucina Printed Tier and Swag Window Curtain Set,Standard,,1,0,,images/achim/07c077_244a241619c64260a891b1b5386911ac.jpg,Windows,Curtains,Kitchen Curtains,Cucina,,
Curtains,ACH-CURTAIN-GOLDEN,Golden Delicious Printed Tier and Swag Window Curtain Set,Standard,,1,0,,images/achim/07c077_41adc3bff8824cf9a37b89665f1119a5.jpg,Windows,Curtains,Kitchen Curtains,Golden Delicious,,
Curtains,ACH-CURTAIN-CHESAPEAKE,Chesapeake Embellished Cottage Window Curtain Set,Standard,,1,0,,images/achim/07c077_b8d41968ab3d4296bcba60e907186d65.jpg,Windows,Curtains,Kitchen Curtains,Chesapeake,,
Curtains,ACH-CURTAIN-CUPPA,Cuppa Joe Embellished Cottage Window Curtain Set,Standard,,1,0,,images/achim/07c077_76cfdaac194b498aac3165600012e797.jpg,Windows,Curtains,Kitchen Curtains,Cuppa Joe,,
Curtains,ACH-CURTAIN-ROOSTER,Rooster Printed Tier and Swag Window Curtain Set,Standard,,1,0,,images/achim/07c077_588d2ef612a240fab61182836c3e4f86.jpg,Windows,Curtains,Kitchen Curtains,Rooster,,
Curtains,ACH-CURTAIN-HAMPTONS,Hamptons Tier and Valance Window Curtain Set,Standard,,1,0,,images/achim/07c077_7ccc9abfb20b4d82803dbca9972da2b5.jpg,Windows,Curtains,Kitchen Curtains,Hamptons,,
Curtains,ACH-CURTAIN-LEMON,Lemon Drop Tier and Valance Window Curtain Set,Standard,,1,0,,images/achim/07c077_0318771d8ce448299c5f4318362306ae.jpg,Windows,Curtains,Kitchen Curtains,Lemon Drop,,
Curtains,ACH-CURTAIN-CAPPUCCINO,Cappuccino Embellished Cottage Window Curtain Set,Standard,,1,0,,images/achim/07c077_58f4b62858af4e5e8610cbfc31968116.jpg,Windows,Curtains,Kitchen Curtains,Cappuccino,,
Curtains,ACH-CURTAIN-MASON,Mason Jars Window Curtain Set,Standard,,1,0,,images/achim/07c077_f4a4a1fd81cd44ec867f006622357602.jpg,Windows,Curtains,Kitchen Curtains,Mason Jars,,
Curtains,ACH-CURTAIN-SUSAN,Black Eyed Susan Cottage Window Curtain Set,Standard,,1,0,,images/achim/07c077_bb480f6b23cc4ffc9c3c01a14ce1bbe6.jpg,Windows,Curtains,Kitchen Curtains,Black Eyed Susan,,
Curtains,ACH-CURTAIN-HSH,Home Sweet Home Tier and Valance Window Curtain Set,Standard,,1,0,,images/achim/07c077_c0cfb70a300745cda750e6003bd3b0d1.jpg,Windows,Curtains,Kitchen Curtains,Home Sweet Home,,
Curtains,ACH-CURTAIN-FRUITY,Fruity Tiles Tier and Valance Window Curtain Set,Standard,,1,0,,images/achim/07c077_f009ebd67a47488297f6a830bbeacdda.jpg,Windows,Curtains,Kitchen Curtains,Fruity Tiles,,
Curtains,ACH-CURTAIN-AVERY,Avery Window Curtain Tier Pair and Valance Set,Standard,,1,0,,images/achim/07c077_c2e4678ab18d4579968a13c76c680d9c.jpg,Windows,Curtains,Kitchen Curtains,Avery,,
Curtains,ACH-CURTAIN-BARNYARD-SET,Barnyard Window Curtain Tier Pair and Valance Set,Standard,,1,0,,images/achim/07c077_ef43acfac7d24f1ab4a160050929f618.jpg,Windows,Curtains,Kitchen Curtains,Barnyard Set,,
Curtains,ACH-CURTAIN-DAKOTA-SET,Dakota Window Curtain Tier Pair and Valance Set,Standard,,1,0,,images/achim/07c077_4e5d58bf70c94309973dba6619467006.jpg,Windows,Curtains,Kitchen Curtains,Dakota Set,,
Curtains,ACH-CURTAIN-COLBY-SET,Colby Window Curtain Tier Pair and Valance Set,Standard,,1,0,,images/achim/07c077_c24314138c604ef199e94bd44d0d0a69.jpg,Windows,Curtains,Kitchen Curtains,Colby Set,,
Curtains,ACH-CURTAIN-LLL-SET,Live Love Laugh Window Curtain Tier Pair and Valance Set,Standard,,1,0,,images/achim/07c077_a96d673ccebe4d3ab891f0293768d4c9.jpg,Windows,Curtains,Kitchen Curtains,Live Love Laugh Set,,
Curtains,ACH-CURTAIN-TATTERSALL,Tattersall Window Curtain Tier Pair and Valance Set,Standard,,1,0,,images/achim/07c077_e77e3d6461eb407e94261c31ff792795.jpg,Windows,Curtains,Kitchen Curtains,Tattersall,,
Curtains,ACH-CURTAIN-FAIRFIELD,Fairfield 5-Piece Window Curtain Set,Standard,,1,0,,images/achim/07c077_d30a7789d4bd42f3b39bc0c57da5e5ff.jpg,Windows,Curtains,Kitchen Curtains,Fairfield 5-Piece,,
Curtains,ACH-CURTAIN-PANACHE,Panache 5-Piece Window Curtain Set,Standard,,1,0,,images/achim/07c077_a0a1124d97c4472a9e38f8c60cc97f3c.jpg,Windows,Curtains,Kitchen Curtains,Panache 5-Piece,,
Curtains,ACH-CURTAIN-HALLEY,Halley 6-Piece Window Curtain Set,Standard,,1,0,,images/achim/aa8ff3_dff201052c944a00b7ace827d9af730f.jpg,Windows,Curtains,Kitchen Curtains,Halley 6-Piece,,
Curtains,ACH-CURTAIN-DARCY-SET,Darcy Window Curtain Tier and Valance Set,Standard,,1,0,,images/achim/07c077_b93d4a61bf5a4ae3af03c847beca7e84.jpg,Windows,Curtains,Kitchen Curtains,Darcy Tier Valance,,
Curtains,ACH-CURTAIN-BORDEAUX-VAL,Bordeaux Window Curtain Valance,52x14,,1,0,,images/achim/a5fda5_cdb9bcd5b0914159bd53882231f3fff6.jpg,Windows,Curtains,Valances & Tiers,Bordeaux Valance,,
Curtains,ACH-CURTAIN-GRAMERCY-VAL,Gramercy Window Curtain Valance,58x14,,1,0,,images/achim/a5fda5_04193cb0b860422fa0be2dcec629f227.jpg,Windows,Curtains,Valances & Tiers,Gramercy Valance,,
Curtains,ACH-CURTAIN-GRAMERCY-TIER,Gramercy Window Curtain Tier Pair,Standard,,1,0,,images/achim/a5fda5_1bedb6a166644c4d817e16728a269dfc.jpg,Windows,Curtains,Valances & Tiers,Gramercy Tier,,
Curtains,ACH-CURTAIN-CALLIE,Callie Double Layer Pick Up Valance,Standard,,1,0,,images/achim/aa8ff3_199d30946a1e4d58b67983f70e76fe1f.jpg,Windows,Curtains,Valances & Tiers,Callie Valance,,
Curtains,ACH-CURTAIN-SYDNEY-TIER,Sydney Window Curtain Tier Pair,58x24,,1,0,,images/achim/aa8ff3_7250cb7ca51c4df4a15dbba1a878f910.jpg,Windows,Curtains,Valances & Tiers,Sydney Tier,,
Curtains,ACH-CURTAIN-COLBY-VAL,Colby Window Curtain Valance,Standard,,1,0,,images/achim/07c077_c618ec5ed7774312b6283f76b3bc42e1.jpg,Windows,Curtains,Valances & Tiers,Colby Valance,,
Curtains,ACH-CURTAIN-BARNYARD-VAL,Barnyard Window Curtain Valance,Standard,,1,0,,images/achim/07c077_07e049d6347e41b0a802253c08e1ae15.jpg,Windows,Curtains,Valances & Tiers,Barnyard Valance,,
Curtains,ACH-CURTAIN-DAKOTA-VAL,Dakota Window Curtain Valance,Standard,,1,0,,images/achim/07c077_14d657e373e144179bd6f01d0f262827.jpg,Windows,Curtains,Valances & Tiers,Dakota Valance,,
Curtains,ACH-CURTAIN-LLL-VAL,Live Love Laugh Window Curtain Valance,Standard,,1,0,,images/achim/07c077_540be594c36046c3858067900087557c.jpg,Windows,Curtains,Valances & Tiers,Live Love Laugh Valance,,
Curtains,ACH-CURTAIN-OAKWOOD-TIER,Oakwood Window Curtain Tier Pair,58x24,,1,0,,images/achim/07c077_db6abb5d14834468a7d6c5dad37cd0e9.jpg,Windows,Curtains,Valances & Tiers,Oakwood Tier,,
Curtains,ACH-CURTAIN-OAKWOOD-VAL,Oakwood Window Curtain Valance,58x14,,1,0,,images/achim/07c077_2e75da0171444dde84bc3ca22264bc50.jpg,Windows,Curtains,Valances & Tiers,Oakwood Valance,,
Curtains,ACH-CURTAIN-OMBRE-SCARF,Ombre Window Curtain Scarf,Standard,,1,0,,images/achim/07c077_259ba79b41584e0b861f707756ab96b0.jpg,Windows,Curtains,Valances & Tiers,Ombre Scarf,,
Curtains,ACH-CURTAIN-OMBRE-TIE,Ombre Window Curtain Tie Up Shade,Standard,,1,0,,images/achim/07c077_c080759b54c24b238cc601d5b46a39ff.jpg,Windows,Curtains,Valances & Tiers,Ombre Tie-Up,,
Curtains,ACH-CURTAIN-DARCY-VAL,Darcy Window Curtain Valance,Standard,,1,0,,images/achim/07c077_6c780a551b4648daa8e351975924c92a.jpg,Windows,Curtains,Valances & Tiers,Darcy Valance,,
Curtains,ACH-CURTAIN-DARCY-TIE,Darcy Window Curtain Tie Up Shade,Standard,,1,0,,images/achim/07c077_27d01d5c27d549cb93b0d15c24f9f8fa.jpg,Windows,Curtains,Valances & Tiers,Darcy Tie-Up,,
Curtains,ACH-CURTAIN-BUFFALO-VAL,Buffalo Check Window Curtain Valance,Standard,,1,0,,images/achim/aa8ff3_7870e753db974fb398b4c12836437a42.jpg,Windows,Curtains,Valances & Tiers,Buffalo Check Valance,,
Curtains,ACH-CURTAIN-BUFFALO-SWAG,Buffalo Check Gathered Swag Window Curtain Pair,72x63,,1,0,,images/logo.png,Windows,Curtains,Valances & Tiers,Buffalo Check Swag,,
Curtains,ACH-CURTAIN-BUFFALO-TIE,Buffalo Check Window Curtain Tie Up Shade,Standard,,1,0,,images/achim/aa8ff3_b8495e6abeed453c9746692827bfd548.jpg,Windows,Curtains,Valances & Tiers,Buffalo Check Tie-Up,,
Curtains,ACH-CURTAIN-BUFFALO-TIER,Buffalo Check Window Curtain Tier Pair,Standard,,1,0,,images/logo.png,Windows,Curtains,Valances & Tiers,Buffalo Check Tier,,
Curtains,ACH-CURTAIN-CHARLOTTE-VAL,Charlotte Window Curtain Valance,Standard,,1,0,,images/achim/07c077_494340aa612946b1a77e56d0fd3247fd.jpg,Windows,Curtains,Valances & Tiers,Charlotte Valance,,
Rods,ACH-ROD-BUONO2,Buono II Decorative Rod and Finial Set,Standard,Ryder,1,0,,images/achim/a5fda5_43a930d1fe5e45a5881c3b74268b27a5.jpg,Windows,Curtains,Rods,Buono II,,
Rods,ACH-ROD-BUONO2,Buono II Decorative Rod and Finial Set,Standard,Othello,1,0,,images/achim/a5fda5_277a62980357456b843223fb5cc707dd.jpg,Windows,Curtains,Rods,Buono II,,
Rods,ACH-ROD-BUONO2,Buono II Decorative Rod and Finial Set,Standard,Morgan,1,0,,images/achim/a5fda5_bf32632ddce548e8baf0b5e3831615fd.jpg,Windows,Curtains,Rods,Buono II,,
Rods,ACH-ROD-BUONO2,Buono II Decorative Rod and Finial Set,Standard,Medley,1,0,,images/achim/a5fda5_48a0f8fdd8bc48669b0d8b0946649727.jpg,Windows,Curtains,Rods,Buono II,,
Rods,ACH-ROD-BUONO2,Buono II Decorative Rod and Finial Set,Standard,Jordan,1,0,,images/achim/a5fda5_a15795ef43314a43b23188ea468ec66b.jpg,Windows,Curtains,Rods,Buono II,,
Rods,ACH-ROD-BUONO2,Buono II Decorative Rod and Finial Set,Standard,Hayden,1,0,,images/achim/a5fda5_3a12499142ee428a80430f57019091e8.jpg,Windows,Curtains,Rods,Buono II,,
Rods,ACH-ROD-BUONO2,Buono II Decorative Rod and Finial Set,Standard,Halo,1,0,,images/achim/a5fda5_3a3592a2c1474588bca0cfea6704f369.jpg,Windows,Curtains,Rods,Buono II,,
Rods,ACH-ROD-BUONO2,Buono II Decorative Rod and Finial Set,Standard,Grace,1,0,,images/achim/a5fda5_6059f6c719b64b8e843e6bea104d9ad0.jpg,Windows,Curtains,Rods,Buono II,,
Rods,ACH-ROD-BUONO2,Buono II Decorative Rod and Finial Set,Standard,Futura,1,0,,images/achim/a5fda5_e63139bc82924f00ac6ad8f90c858ce5.jpg,Windows,Curtains,Rods,Buono II,,
Rods,ACH-ROD-BUONO2,Buono II Decorative Rod and Finial Set,Standard,Cole,1,0,,images/achim/a5fda5_e57706660e004f34b4d37ef1ee3e6d97.jpg,Windows,Curtains,Rods,Buono II,,
Rods,ACH-ROD-BUONO2,Buono II Decorative Rod and Finial Set,Standard,Carrie,1,0,,images/achim/a5fda5_a0ba2dcd4899497595e4b70f2a3610ea.jpg,Windows,Curtains,Rods,Buono II,,
Rods,ACH-ROD-BUONO2,Buono II Decorative Rod and Finial Set,Standard,Carson,1,0,,images/achim/a5fda5_268a110a16c64d599f200a302edeaff0.jpg,Windows,Curtains,Rods,Buono II,,
Rods,ACH-ROD-BUONO2,Buono II Decorative Rod and Finial Set,Standard,Bradford,1,0,,images/achim/a5fda5_2adba3cd22eb40df96b1ce94d3de1f43.jpg,Windows,Curtains,Rods,Buono II,,
Rods,ACH-ROD-CAMINO,Camino Decorative Rod and Finial Set,Standard,Lincroft,1,0,,images/achim/a5fda5_5c07889b1a754347ac8dcb6d8a6e3a26.jpg,Windows,Curtains,Rods,Camino,,
Rods,ACH-ROD-CAMINO,Camino Decorative Rod and Finial Set,Standard,Fairmont,1,0,,images/achim/a5fda5_cd22c2dd4a2b4354ab145fed36e7d75f.jpg,Windows,Curtains,Rods,Camino,,
Rods,ACH-ROD-CAMINO,Camino Decorative Rod and Finial Set,Standard,Ava,1,0,,images/achim/a5fda5_693477106d6e4afaa22b84976e16e7a4.jpg,Windows,Curtains,Rods,Camino,,
Rods,ACH-ROD-METALLO,Metallo Decorative Rod and Finial Set,Standard,Lexus,1,0,,images/achim/a5fda5_15a776c68cf34738984c1f9cd80bd607.jpg,Windows,Curtains,Rods,Metallo,,
Rods,ACH-ROD-METALLO,Metallo Decorative Rod and Finial Set,Standard,Leaf,1,0,,images/achim/a5fda5_44390adb032a4a079cfde5104ddd3077.jpg,Windows,Curtains,Rods,Metallo,,
Rods,ACH-ROD-METALLO,Metallo Decorative Rod and Finial Set,Standard,Ilana,1,0,,images/achim/a5fda5_3cde09db75b84ed9912cc88e2ef85deb.jpg,Windows,Curtains,Rods,Metallo,,
Rods,ACH-ROD-METALLO,Metallo Decorative Rod and Finial Set,Standard,Carrera,1,0,,images/achim/a5fda5_b203c8ebce0949bd8ae376df6b04ffa5.jpg,Windows,Curtains,Rods,Metallo,,
